#
# There is insufficient memory for the Java Runtime Environment to continue.
# Native memory allocation (malloc) failed to allocate 2403120 bytes. Error detail: Chunk::new
# Possible reasons:
#   The system is out of physical RAM or swap space
#   This process is running with CompressedOops enabled, and the Java Heap may be blocking the growth of the native heap
# Possible solutions:
#   Reduce memory load on the system
#   Increase physical memory or swap space
#   Check if swap backing store is full
#   Decrease Java heap size (-Xmx/-Xms)
#   Decrease number of Java threads
#   Decrease Java thread stack sizes (-Xss)
#   Set larger code cache with -XX:ReservedCodeCacheSize=
#   JVM is running with Unscaled Compressed Oops mode in which the Java heap is
#     placed in the first 4GB address space. The Java Heap base address is the
#     maximum limit for the native heap growth. Please use -XX:HeapBaseMinAddress
#     to set the Java Heap base and to place the Java Heap above 4GB virtual address.
# This output file may be truncated or incomplete.
#
#  Out of Memory Error (arena.cpp:191), pid=13052, tid=4644
#
# JRE version: OpenJDK Runtime Environment Microsoft-11926163 (17.0.16+8) (build 17.0.16+8-LTS)
# Java VM: OpenJDK 64-Bit Server VM Microsoft-11926163 (17.0.16+8-LTS, mixed mode, sharing, tiered, compressed oops, compressed class ptrs, g1 gc, windows-amd64)
# No core dump will be written. Minidumps are not enabled by default on client versions of Windows
#

---------------  S U M M A R Y ------------

Command Line: --add-opens=java.base/java.lang=ALL-UNNAMED --add-opens=java.base/java.lang.invoke=ALL-UNNAMED --add-opens=java.base/java.util=ALL-UNNAMED --add-opens=java.prefs/java.util.prefs=ALL-UNNAMED --add-exports=jdk.compiler/com.sun.tools.javac.api=ALL-UNNAMED --add-exports=jdk.compiler/com.sun.tools.javac.util=ALL-UNNAMED --add-opens=java.base/java.util=ALL-UNNAMED --add-opens=java.prefs/java.util.prefs=ALL-UNNAMED --add-opens=java.base/java.nio.charset=ALL-UNNAMED --add-opens=java.base/java.net=ALL-UNNAMED --add-opens=java.base/java.util.concurrent.atomic=ALL-UNNAMED --add-opens=java.xml/javax.xml.namespace=ALL-UNNAMED -XX:MaxMetaspaceSize=512m -Xmx2048m -Dfile.encoding=windows-1252 -Duser.country=US -Duser.language=en -Duser.variant -javaagent:C:\Users\11\.gradle\wrapper\dists\gradle-8.14.3-bin\cv11ve7ro1n3o1j4so8xd9n66\gradle-8.14.3\lib\agents\gradle-instrumentation-agent-8.14.3.jar org.gradle.launcher.daemon.bootstrap.GradleDaemon 8.14.3

Host: 11th Gen Intel(R) Core(TM) i3-1115G4 @ 3.00GHz, 4 cores, 7G,  Windows 11 , 64 bit Build 26100 (10.0.26100.6725)
Time: Mon Oct 27 21:30:57 2025 India Standard Time elapsed time: 125.097866 seconds (0d 0h 2m 5s)

---------------  T H R E A D  ---------------

Current thread (0x00000199d7806ec0):  JavaThread "C2 CompilerThread0" daemon [_thread_in_native, id=4644, stack(0x000000156da00000,0x000000156db00000)]


Current CompileTask:
C2: 125097 26878       4       org.jetbrains.org.objectweb.asm.ClassReader::readMethod (1093 bytes)

Stack: [0x000000156da00000,0x000000156db00000]
Native frames: (J=compiled Java code, j=interpreted, Vv=VM code, C=native code)
V  [jvm.dll+0x68ee19]
V  [jvm.dll+0x846249]
V  [jvm.dll+0x847fb8]
V  [jvm.dll+0x848643]
V  [jvm.dll+0x24cf6f]
V  [jvm.dll+0xaecb6]
V  [jvm.dll+0xaf35c]
V  [jvm.dll+0x37139e]
V  [jvm.dll+0x33b7a5]
V  [jvm.dll+0x33ac0a]
V  [jvm.dll+0x21df29]
V  [jvm.dll+0x21d36d]
V  [jvm.dll+0x1a8ce6]
V  [jvm.dll+0x22db1b]
V  [jvm.dll+0x22bca6]
V  [jvm.dll+0x7fba9b]
V  [jvm.dll+0x7f5e9c]
V  [jvm.dll+0x68dd27]
C  [ucrtbase.dll+0x37b0]
C  [KERNEL32.DLL+0x2e8d7]
C  [ntdll.dll+0x8c53c]


---------------  P R O C E S S  ---------------

Threads class SMR info:
_java_thread_list=0x00000199fbcb73d0, length=74, elements={
0x00000199b9bde8d0, 0x00000199d77e4470, 0x00000199d77e5ab0, 0x00000199d7802840,
0x00000199d7803110, 0x00000199d78039e0, 0x00000199d78062c0, 0x00000199d7806ec0,
0x00000199d780f120, 0x00000199d781c460, 0x00000199d79166e0, 0x00000199d79ebe00,
0x00000199f88ab8a0, 0x00000199d7c5eaa0, 0x00000199f8989a00, 0x00000199f8a84db0,
0x00000199f81ef610, 0x00000199f81efaf0, 0x00000199f8ad7060, 0x00000199f8ad7540,
0x00000199d7c30d50, 0x00000199d7c30840, 0x00000199d7c2fe20, 0x00000199d7c2dfc0,
0x00000199d7c2eef0, 0x00000199d7c2d5a0, 0x00000199d7c2dab0, 0x00000199fbbda400,
0x00000199fbbd99e0, 0x00000199fbbddbb0, 0x00000199fbbde0c0, 0x00000199fbbdcc80,
0x00000199fbbdeae0, 0x00000199fbbdb330, 0x00000199fbbdeff0, 0x00000199fcba41f0,
0x00000199fcba2390, 0x00000199fc381cc0, 0x00000199f9fdd6f0, 0x00000199fcba32c0,
0x00000199fcba0f50, 0x00000199fc380370, 0x00000199fbbdae20, 0x00000199fcba1460,
0x00000199fb13f0a0, 0x00000199f9fdbda0, 0x00000199f9fdeb30, 0x00000199f9fdc2b0,
0x00000199fa1f7570, 0x00000199fa1f7a80, 0x00000199fa1f7f90, 0x00000199f9fdd1e0,
0x00000199fa1f89b0, 0x000001998c1dd7b0, 0x000001998c2b88a0, 0x000001998c2b6f50,
0x00000199fd6726b0, 0x000001998c1ddcc0, 0x00000199fcba1970, 0x000001998c2b50f0,
0x000001998c5f6790, 0x000001998c5f5d70, 0x000001998c5f71b0, 0x00000199fd672bc0,
0x000001998c7ab9a0, 0x000001998c7ac3c0, 0x000001998c7aaf80, 0x00000199f8c898b0,
0x00000199f8c87f60, 0x000001998c37c1d0, 0x000001998c5f76c0, 0x000001998c37b2a0,
0x00000199fd671270, 0x00000199fa17ecb0
}

Java Threads: ( => current thread )
  0x00000199b9bde8d0 JavaThread "main" [_thread_blocked, id=1972, stack(0x000000156cd00000,0x000000156ce00000)]
  0x00000199d77e4470 JavaThread "Reference Handler" daemon [_thread_blocked, id=11244, stack(0x000000156d400000,0x000000156d500000)]
  0x00000199d77e5ab0 JavaThread "Finalizer" daemon [_thread_blocked, id=2100, stack(0x000000156d500000,0x000000156d600000)]
  0x00000199d7802840 JavaThread "Signal Dispatcher" daemon [_thread_blocked, id=14660, stack(0x000000156d600000,0x000000156d700000)]
  0x00000199d7803110 JavaThread "Attach Listener" daemon [_thread_blocked, id=11288, stack(0x000000156d700000,0x000000156d800000)]
  0x00000199d78039e0 JavaThread "Service Thread" daemon [_thread_blocked, id=13188, stack(0x000000156d800000,0x000000156d900000)]
  0x00000199d78062c0 JavaThread "Monitor Deflation Thread" daemon [_thread_blocked, id=8848, stack(0x000000156d900000,0x000000156da00000)]
=>0x00000199d7806ec0 JavaThread "C2 CompilerThread0" daemon [_thread_in_native, id=4644, stack(0x000000156da00000,0x000000156db00000)]
  0x00000199d780f120 JavaThread "C1 CompilerThread0" daemon [_thread_blocked, id=1544, stack(0x000000156db00000,0x000000156dc00000)]
  0x00000199d781c460 JavaThread "Sweeper thread" daemon [_thread_blocked, id=12252, stack(0x000000156dc00000,0x000000156dd00000)]
  0x00000199d79166e0 JavaThread "Common-Cleaner" daemon [_thread_blocked, id=11352, stack(0x000000156dd00000,0x000000156de00000)]
  0x00000199d79ebe00 JavaThread "Notification Thread" daemon [_thread_blocked, id=12028, stack(0x000000156de00000,0x000000156df00000)]
  0x00000199f88ab8a0 JavaThread "Daemon health stats" [_thread_blocked, id=8636, stack(0x000000156e500000,0x000000156e600000)]
  0x00000199d7c5eaa0 JavaThread "Incoming local TCP Connector on port 64898" [_thread_in_native, id=1664, stack(0x000000156e200000,0x000000156e300000)]
  0x00000199f8989a00 JavaThread "Daemon periodic checks" [_thread_blocked, id=12180, stack(0x000000156e600000,0x000000156e700000)]
  0x00000199f8a84db0 JavaThread "Daemon" [_thread_blocked, id=7396, stack(0x000000156e700000,0x000000156e800000)]
  0x00000199f81ef610 JavaThread "Handler for socket connection from /127.0.0.1:64898 to /127.0.0.1:64899" [_thread_in_native, id=4588, stack(0x000000156e800000,0x000000156e900000)]
  0x00000199f81efaf0 JavaThread "Cancel handler" [_thread_blocked, id=3504, stack(0x000000156e900000,0x000000156ea00000)]
  0x00000199f8ad7060 JavaThread "Daemon worker" [_thread_blocked, id=10360, stack(0x000000156ea00000,0x000000156eb00000)]
  0x00000199f8ad7540 JavaThread "Asynchronous log dispatcher for DefaultDaemonConnection: socket connection from /127.0.0.1:64898 to /127.0.0.1:64899" [_thread_blocked, id=5836, stack(0x000000156ec00000,0x000000156ed00000)]
  0x00000199d7c30d50 JavaThread "Stdin handler" [_thread_blocked, id=5224, stack(0x000000156ed00000,0x000000156ee00000)]
  0x00000199d7c30840 JavaThread "Daemon client event forwarder" [_thread_blocked, id=5344, stack(0x000000156ee00000,0x000000156ef00000)]
  0x00000199d7c2fe20 JavaThread "Cache worker for journal cache (C:\Users\11\.gradle\caches\journal-1)" [_thread_in_native, id=10500, stack(0x000000156ef00000,0x000000156f000000)]
  0x00000199d7c2dfc0 JavaThread "File lock request listener" [_thread_in_native, id=2300, stack(0x000000156f000000,0x000000156f100000)]
  0x00000199d7c2eef0 JavaThread "Cache worker for file hash cache (C:\Users\11\.gradle\caches\8.14.3\fileHashes)" [_thread_blocked, id=13916, stack(0x000000156eb00000,0x000000156ec00000)]
  0x00000199d7c2d5a0 JavaThread "Cache worker for file hash cache (D:\Habit\Htwo\android\.gradle\8.14.3\fileHashes)" [_thread_blocked, id=13320, stack(0x000000156f200000,0x000000156f300000)]
  0x00000199d7c2dab0 JavaThread "Cache worker for Build Output Cleanup Cache (D:\Habit\Htwo\android\.gradle\buildOutputCleanup)" [_thread_blocked, id=5368, stack(0x000000156f300000,0x000000156f400000)]
  0x00000199fbbda400 JavaThread "File watcher server" daemon [_thread_in_native, id=1836, stack(0x000000156f400000,0x000000156f500000)]
  0x00000199fbbd99e0 JavaThread "File watcher consumer" daemon [_thread_blocked, id=13032, stack(0x000000156f500000,0x000000156f600000)]
  0x00000199fbbddbb0 JavaThread "jar transforms" [_thread_blocked, id=15268, stack(0x000000156f600000,0x000000156f700000)]
  0x00000199fbbde0c0 JavaThread "Cache worker for checksums cache (D:\Habit\Htwo\android\.gradle\8.14.3\checksums)" [_thread_blocked, id=15224, stack(0x000000156f700000,0x000000156f800000)]
  0x00000199fbbdcc80 JavaThread "Cache worker for file content cache (C:\Users\11\.gradle\caches\8.14.3\fileContent)" [_thread_blocked, id=4968, stack(0x000000156f800000,0x000000156f900000)]
  0x00000199fbbdeae0 JavaThread "Cache worker for cache directory md-supplier (C:\Users\11\.gradle\caches\8.14.3\md-supplier)" [_thread_blocked, id=11584, stack(0x000000156f900000,0x000000156fa00000)]
  0x00000199fbbdb330 JavaThread "Cache worker for cache directory md-rule (C:\Users\11\.gradle\caches\8.14.3\md-rule)" [_thread_blocked, id=6920, stack(0x000000156fa00000,0x000000156fb00000)]
  0x00000199fbbdeff0 JavaThread "Cache worker for Build Output Cleanup Cache (D:\Habit\Htwo\node_modules\@react-native\gradle-plugin\.gradle\buildOutputCleanup)" [_thread_blocked, id=12380, stack(0x000000156fb00000,0x000000156fc00000)]
  0x00000199fcba41f0 JavaThread "Unconstrained build operations" [_thread_blocked, id=14228, stack(0x000000156f100000,0x000000156f200000)]
  0x00000199fcba2390 JavaThread "Unconstrained build operations Thread 2" [_thread_blocked, id=9104, stack(0x000000156fd00000,0x000000156fe00000)]
  0x00000199fc381cc0 JavaThread "Unconstrained build operations Thread 3" [_thread_blocked, id=7112, stack(0x000000156fe00000,0x000000156ff00000)]
  0x00000199f9fdd6f0 JavaThread "Unconstrained build operations Thread 4" [_thread_blocked, id=14180, stack(0x000000156ff00000,0x0000001570000000)]
  0x00000199fcba32c0 JavaThread "Unconstrained build operations Thread 5" [_thread_blocked, id=13520, stack(0x0000001570100000,0x0000001570200000)]
  0x00000199fcba0f50 JavaThread "Unconstrained build operations Thread 6" [_thread_blocked, id=13472, stack(0x0000001570200000,0x0000001570300000)]
  0x00000199fc380370 JavaThread "Kotlin DSL Writer" [_thread_blocked, id=14644, stack(0x0000001570000000,0x0000001570100000)]
  0x00000199fbbdae20 JavaThread "Unconstrained build operations Thread 7" [_thread_blocked, id=13712, stack(0x0000001570400000,0x0000001570500000)]
  0x00000199fcba1460 JavaThread "Unconstrained build operations Thread 8" [_thread_blocked, id=14220, stack(0x0000001570500000,0x0000001570600000)]
  0x00000199fb13f0a0 JavaThread "Unconstrained build operations Thread 9" [_thread_blocked, id=14856, stack(0x0000001570600000,0x0000001570700000)]
  0x00000199f9fdbda0 JavaThread "Unconstrained build operations Thread 10" [_thread_blocked, id=5156, stack(0x0000001570700000,0x0000001570800000)]
  0x00000199f9fdeb30 JavaThread "Unconstrained build operations Thread 11" [_thread_blocked, id=6764, stack(0x0000001570800000,0x0000001570900000)]
  0x00000199f9fdc2b0 JavaThread "Unconstrained build operations Thread 12" [_thread_blocked, id=7764, stack(0x0000001570900000,0x0000001570a00000)]
  0x00000199fa1f7570 JavaThread "Unconstrained build operations Thread 13" [_thread_blocked, id=6196, stack(0x0000001570a00000,0x0000001570b00000)]
  0x00000199fa1f7a80 JavaThread "Unconstrained build operations Thread 14" [_thread_blocked, id=6492, stack(0x0000001570b00000,0x0000001570c00000)]
  0x00000199fa1f7f90 JavaThread "Unconstrained build operations Thread 15" [_thread_blocked, id=13384, stack(0x0000001570c00000,0x0000001570d00000)]
  0x00000199f9fdd1e0 JavaThread "build event listener" [_thread_blocked, id=13256, stack(0x000000156cc00000,0x000000156cd00000)]
  0x00000199fa1f89b0 JavaThread "Memory manager" [_thread_blocked, id=15064, stack(0x0000001570300000,0x0000001570400000)]
  0x000001998c1dd7b0 JavaThread "ForkJoinPool.commonPool-worker-1" daemon [_thread_blocked, id=14384, stack(0x0000001570d00000,0x0000001570e00000)]
  0x000001998c2b88a0 JavaThread "ForkJoinPool.commonPool-worker-2" daemon [_thread_blocked, id=13464, stack(0x0000001570e00000,0x0000001570f00000)]
  0x000001998c2b6f50 JavaThread "ForkJoinPool.commonPool-worker-3" daemon [_thread_blocked, id=3884, stack(0x0000001570f00000,0x0000001571000000)]
  0x00000199fd6726b0 JavaThread "Exec process" daemon [_thread_blocked, id=2356, stack(0x0000001571000000,0x0000001571100000)]
  0x000001998c1ddcc0 JavaThread "Exec process Thread 2" daemon [_thread_blocked, id=13868, stack(0x0000001571100000,0x0000001571200000)]
  0x00000199fcba1970 JavaThread "Exec process Thread 3" daemon [_thread_blocked, id=13496, stack(0x0000001571200000,0x0000001571300000)]
  0x000001998c2b50f0 JavaThread "included builds" [_thread_in_native, id=2564, stack(0x000000156ca00000,0x000000156cb00000)]
  0x000001998c5f6790 JavaThread "Execution worker" [_thread_blocked, id=13124, stack(0x0000001571300000,0x0000001571400000)]
  0x000001998c5f5d70 JavaThread "Execution worker Thread 2" [_thread_blocked, id=11508, stack(0x0000001571400000,0x0000001571500000)]
  0x000001998c5f71b0 JavaThread "Execution worker Thread 3" [_thread_blocked, id=6260, stack(0x0000001571500000,0x0000001571600000)]
  0x00000199fd672bc0 JavaThread "Cache worker for execution history cache (D:\Habit\Htwo\node_modules\@react-native\gradle-plugin\.gradle\8.14.3\executionHistory)" [_thread_blocked, id=5188, stack(0x0000001571600000,0x0000001571700000)]
  0x000001998c7ab9a0 JavaThread "Unconstrained build operations Thread 16" [_thread_blocked, id=13296, stack(0x0000001571700000,0x0000001571800000)]
  0x000001998c7ac3c0 JavaThread "Unconstrained build operations Thread 17" [_thread_blocked, id=2620, stack(0x0000001571800000,0x0000001571900000)]
  0x000001998c7aaf80 JavaThread "Unconstrained build operations Thread 18" [_thread_blocked, id=1100, stack(0x0000001571900000,0x0000001571a00000)]
  0x00000199f8c898b0 JavaThread "Unconstrained build operations Thread 19" [_thread_blocked, id=6904, stack(0x0000001571a00000,0x0000001571b00000)]
  0x00000199f8c87f60 JavaThread "Unconstrained build operations Thread 20" [_thread_blocked, id=6328, stack(0x0000001571b00000,0x0000001571c00000)]
  0x000001998c37c1d0 JavaThread "Unconstrained build operations Thread 21" [_thread_blocked, id=9584, stack(0x0000001571c00000,0x0000001571d00000)]
  0x000001998c5f76c0 JavaThread "Unconstrained build operations Thread 22" [_thread_in_Java, id=15996, stack(0x0000001571d00000,0x0000001571e00000)]
  0x000001998c37b2a0 JavaThread "Unconstrained build operations Thread 23" [_thread_in_Java, id=16000, stack(0x0000001571e00000,0x0000001571f00000)]
  0x00000199fd671270 JavaThread "Unconstrained build operations Thread 24" [_thread_in_native, id=16004, stack(0x0000001571f00000,0x0000001572000000)]
  0x00000199fa17ecb0 JavaThread "C2 CompilerThread1" daemon [_thread_in_native, id=15468, stack(0x0000001572000000,0x0000001572100000)]

Other Threads:
  0x00000199d77e0080 VMThread "VM Thread" [stack: 0x000000156d300000,0x000000156d400000] [id=11992]
  0x00000199b9bdf660 WatcherThread [stack: 0x000000156df00000,0x000000156e000000] [id=13716]
  0x00000199b9c3b890 GCTaskThread "GC Thread#0" [stack: 0x000000156ce00000,0x000000156cf00000] [id=13516]
  0x00000199d7a98560 GCTaskThread "GC Thread#1" [stack: 0x000000156e000000,0x000000156e100000] [id=4184]
  0x00000199d7b05be0 GCTaskThread "GC Thread#2" [stack: 0x000000156e100000,0x000000156e200000] [id=5132]
  0x00000199f725b6b0 GCTaskThread "GC Thread#3" [stack: 0x000000156e300000,0x000000156e400000] [id=11240]
  0x00000199b9c4c6f0 ConcurrentGCThread "G1 Main Marker" [stack: 0x000000156cf00000,0x000000156d000000] [id=11208]
  0x00000199b9c4dcf0 ConcurrentGCThread "G1 Conc#0" [stack: 0x000000156d000000,0x000000156d100000] [id=14440]
  0x00000199b9c8dae0 ConcurrentGCThread "G1 Refine#0" [stack: 0x000000156d100000,0x000000156d200000] [id=436]
  0x00000199f7a29fe0 ConcurrentGCThread "G1 Refine#1" [stack: 0x000000156e400000,0x000000156e500000] [id=11080]
  0x00000199b9c8e2c0 ConcurrentGCThread "G1 Service" [stack: 0x000000156d200000,0x000000156d300000] [id=5432]

Threads with active compile tasks:
C2 CompilerThread0   126501 26878       4       org.jetbrains.org.objectweb.asm.ClassReader::readMethod (1093 bytes)
C1 CompilerThread0   126501 27253       2       org.jetbrains.kotlin.incremental.storage.ClassIdExternalizer::save (45 bytes)
C2 CompilerThread1   126501 26938       4       org.jetbrains.org.objectweb.asm.ClassReader::accept (1401 bytes)

VM state: not at safepoint (normal execution)

VM Mutex/Monitor currently owned by a thread: None

Heap address: 0x0000000080000000, size: 2048 MB, Compressed Oops mode: 32-bit

CDS archive(s) mapped at: [0x00000199d8000000-0x00000199d8bb0000-0x00000199d8bb0000), size 12255232, SharedBaseAddress: 0x00000199d8000000, ArchiveRelocationMode: 1.
Compressed class space mapped at: 0x00000199d9000000-0x00000199f3000000, reserved size: 436207616
Narrow klass base: 0x00000199d8000000, Narrow klass shift: 0, Narrow klass range: 0x100000000

GC Precious Log:
 CPUs: 4 total, 4 available
 Memory: 7932M
 Large Page Support: Disabled
 NUMA Support: Disabled
 Compressed Oops: Enabled (32-bit)
 Heap Region Size: 1M
 Heap Min Capacity: 8M
 Heap Initial Capacity: 124M
 Heap Max Capacity: 2G
 Pre-touch: Disabled
 Parallel Workers: 4
 Concurrent Workers: 1
 Concurrent Refinement Workers: 4
 Periodic GC: Disabled

Heap:
 garbage-first heap   total 450560K, used 243585K [0x0000000080000000, 0x0000000100000000)
  region size 1024K, 98 young (100352K), 11 survivors (11264K)
 Metaspace       used 161314K, committed 162560K, reserved 622592K
  class space    used 19997K, committed 20608K, reserved 425984K

Heap Regions: E=young(eden), S=young(survivor), O=old, HS=humongous(starts), HC=humongous(continues), CS=collection set, F=free, OA=open archive, CA=closed archive, TAMS=top-at-mark-start (previous, next)
|   0|0x0000000080000000, 0x0000000080100000, 0x0000000080100000|100%|HS|  |TAMS 0x0000000080100000, 0x0000000080000000| Complete 
|   1|0x0000000080100000, 0x0000000080200000, 0x0000000080200000|100%|HC|  |TAMS 0x0000000080200000, 0x0000000080100000| Complete 
|   2|0x0000000080200000, 0x0000000080300000, 0x0000000080300000|100%|HC|  |TAMS 0x0000000080300000, 0x0000000080200000| Complete 
|   3|0x0000000080300000, 0x0000000080400000, 0x0000000080400000|100%| O|  |TAMS 0x0000000080400000, 0x0000000080300000| Untracked 
|   4|0x0000000080400000, 0x0000000080500000, 0x0000000080500000|100%| O|  |TAMS 0x0000000080500000, 0x0000000080400000| Untracked 
|   5|0x0000000080500000, 0x0000000080600000, 0x0000000080600000|100%| O|  |TAMS 0x0000000080600000, 0x0000000080500000| Untracked 
|   6|0x0000000080600000, 0x0000000080700000, 0x0000000080700000|100%| O|  |TAMS 0x0000000080700000, 0x0000000080600000| Untracked 
|   7|0x0000000080700000, 0x0000000080800000, 0x0000000080800000|100%|HS|  |TAMS 0x0000000080800000, 0x0000000080700000| Complete 
|   8|0x0000000080800000, 0x0000000080900000, 0x0000000080900000|100%| O|  |TAMS 0x0000000080900000, 0x0000000080800000| Untracked 
|   9|0x0000000080900000, 0x0000000080a00000, 0x0000000080a00000|100%| O|  |TAMS 0x0000000080a00000, 0x0000000080900000| Untracked 
|  10|0x0000000080a00000, 0x0000000080b00000, 0x0000000080b00000|100%| O|  |TAMS 0x0000000080b00000, 0x0000000080a00000| Untracked 
|  11|0x0000000080b00000, 0x0000000080c00000, 0x0000000080c00000|100%| O|  |TAMS 0x0000000080c00000, 0x0000000080b00000| Untracked 
|  12|0x0000000080c00000, 0x0000000080d00000, 0x0000000080d00000|100%| O|  |TAMS 0x0000000080d00000, 0x0000000080c00000| Untracked 
|  13|0x0000000080d00000, 0x0000000080e00000, 0x0000000080e00000|100%| O|  |TAMS 0x0000000080e00000, 0x0000000080d00000| Untracked 
|  14|0x0000000080e00000, 0x0000000080f00000, 0x0000000080f00000|100%| O|  |TAMS 0x0000000080f00000, 0x0000000080e00000| Untracked 
|  15|0x0000000080f00000, 0x0000000081000000, 0x0000000081000000|100%| O|  |TAMS 0x0000000081000000, 0x0000000080f00000| Untracked 
|  16|0x0000000081000000, 0x0000000081100000, 0x0000000081100000|100%| O|  |TAMS 0x0000000081100000, 0x0000000081000000| Untracked 
|  17|0x0000000081100000, 0x0000000081200000, 0x0000000081200000|100%| O|  |TAMS 0x0000000081200000, 0x0000000081100000| Untracked 
|  18|0x0000000081200000, 0x0000000081300000, 0x0000000081300000|100%| O|  |TAMS 0x0000000081300000, 0x0000000081200000| Untracked 
|  19|0x0000000081300000, 0x0000000081400000, 0x0000000081400000|100%| O|  |TAMS 0x0000000081400000, 0x0000000081300000| Untracked 
|  20|0x0000000081400000, 0x0000000081500000, 0x0000000081500000|100%| O|  |TAMS 0x0000000081500000, 0x0000000081400000| Untracked 
|  21|0x0000000081500000, 0x0000000081600000, 0x0000000081600000|100%| O|  |TAMS 0x0000000081600000, 0x0000000081500000| Untracked 
|  22|0x0000000081600000, 0x0000000081700000, 0x0000000081700000|100%| O|  |TAMS 0x0000000081700000, 0x0000000081600000| Untracked 
|  23|0x0000000081700000, 0x0000000081800000, 0x0000000081800000|100%| O|  |TAMS 0x0000000081800000, 0x0000000081700000| Untracked 
|  24|0x0000000081800000, 0x0000000081900000, 0x0000000081900000|100%| O|  |TAMS 0x0000000081900000, 0x0000000081800000| Untracked 
|  25|0x0000000081900000, 0x0000000081a00000, 0x0000000081a00000|100%| O|  |TAMS 0x0000000081a00000, 0x0000000081900000| Untracked 
|  26|0x0000000081a00000, 0x0000000081b00000, 0x0000000081b00000|100%| O|  |TAMS 0x0000000081b00000, 0x0000000081a00000| Untracked 
|  27|0x0000000081b00000, 0x0000000081c00000, 0x0000000081c00000|100%| O|  |TAMS 0x0000000081c00000, 0x0000000081b00000| Untracked 
|  28|0x0000000081c00000, 0x0000000081d00000, 0x0000000081d00000|100%| O|  |TAMS 0x0000000081d00000, 0x0000000081c00000| Untracked 
|  29|0x0000000081d00000, 0x0000000081e00000, 0x0000000081e00000|100%| O|  |TAMS 0x0000000081e00000, 0x0000000081d00000| Untracked 
|  30|0x0000000081e00000, 0x0000000081f00000, 0x0000000081f00000|100%| O|  |TAMS 0x0000000081f00000, 0x0000000081e00000| Untracked 
|  31|0x0000000081f00000, 0x0000000082000000, 0x0000000082000000|100%| O|  |TAMS 0x0000000082000000, 0x0000000081f00000| Untracked 
|  32|0x0000000082000000, 0x0000000082100000, 0x0000000082100000|100%| O|  |TAMS 0x0000000082100000, 0x0000000082000000| Untracked 
|  33|0x0000000082100000, 0x0000000082200000, 0x0000000082200000|100%| O|  |TAMS 0x0000000082200000, 0x0000000082100000| Untracked 
|  34|0x0000000082200000, 0x0000000082300000, 0x0000000082300000|100%| O|  |TAMS 0x0000000082300000, 0x0000000082200000| Untracked 
|  35|0x0000000082300000, 0x0000000082400000, 0x0000000082400000|100%| O|  |TAMS 0x0000000082400000, 0x0000000082300000| Untracked 
|  36|0x0000000082400000, 0x0000000082500000, 0x0000000082500000|100%| O|  |TAMS 0x0000000082500000, 0x0000000082400000| Untracked 
|  37|0x0000000082500000, 0x0000000082600000, 0x0000000082600000|100%| O|  |TAMS 0x0000000082600000, 0x0000000082500000| Untracked 
|  38|0x0000000082600000, 0x0000000082700000, 0x0000000082700000|100%| O|  |TAMS 0x0000000082700000, 0x0000000082600000| Untracked 
|  39|0x0000000082700000, 0x0000000082800000, 0x0000000082800000|100%| O|  |TAMS 0x0000000082800000, 0x0000000082700000| Untracked 
|  40|0x0000000082800000, 0x0000000082800000, 0x0000000082900000|  0%| F|  |TAMS 0x0000000082800000, 0x0000000082800000| Untracked 
|  41|0x0000000082900000, 0x0000000082a00000, 0x0000000082a00000|100%| O|  |TAMS 0x0000000082a00000, 0x0000000082900000| Untracked 
|  42|0x0000000082a00000, 0x0000000082b00000, 0x0000000082b00000|100%| O|  |TAMS 0x0000000082b00000, 0x0000000082a00000| Untracked 
|  43|0x0000000082b00000, 0x0000000082c00000, 0x0000000082c00000|100%| O|  |TAMS 0x0000000082c00000, 0x0000000082b00000| Untracked 
|  44|0x0000000082c00000, 0x0000000082c00000, 0x0000000082d00000|  0%| F|  |TAMS 0x0000000082c00000, 0x0000000082c00000| Untracked 
|  45|0x0000000082d00000, 0x0000000082e00000, 0x0000000082e00000|100%| O|  |TAMS 0x0000000082e00000, 0x0000000082d00000| Untracked 
|  46|0x0000000082e00000, 0x0000000082f00000, 0x0000000082f00000|100%| O|  |TAMS 0x0000000082f00000, 0x0000000082e00000| Untracked 
|  47|0x0000000082f00000, 0x0000000083000000, 0x0000000083000000|100%| O|  |TAMS 0x0000000083000000, 0x0000000082f00000| Untracked 
|  48|0x0000000083000000, 0x0000000083100000, 0x0000000083100000|100%| O|  |TAMS 0x0000000083100000, 0x0000000083000000| Untracked 
|  49|0x0000000083100000, 0x0000000083200000, 0x0000000083200000|100%| O|  |TAMS 0x0000000083200000, 0x0000000083100000| Untracked 
|  50|0x0000000083200000, 0x0000000083300000, 0x0000000083300000|100%| O|  |TAMS 0x0000000083300000, 0x0000000083200000| Untracked 
|  51|0x0000000083300000, 0x0000000083400000, 0x0000000083400000|100%| O|  |TAMS 0x0000000083400000, 0x0000000083300000| Untracked 
|  52|0x0000000083400000, 0x0000000083500000, 0x0000000083500000|100%| O|  |TAMS 0x0000000083500000, 0x0000000083400000| Untracked 
|  53|0x0000000083500000, 0x0000000083600000, 0x0000000083600000|100%| O|  |TAMS 0x0000000083600000, 0x0000000083500000| Untracked 
|  54|0x0000000083600000, 0x0000000083700000, 0x0000000083700000|100%| O|  |TAMS 0x0000000083700000, 0x0000000083600000| Untracked 
|  55|0x0000000083700000, 0x0000000083800000, 0x0000000083800000|100%| O|  |TAMS 0x0000000083800000, 0x0000000083700000| Untracked 
|  56|0x0000000083800000, 0x0000000083900000, 0x0000000083900000|100%| O|  |TAMS 0x0000000083900000, 0x0000000083800000| Untracked 
|  57|0x0000000083900000, 0x0000000083a00000, 0x0000000083a00000|100%| O|  |TAMS 0x0000000083a00000, 0x0000000083900000| Untracked 
|  58|0x0000000083a00000, 0x0000000083b00000, 0x0000000083b00000|100%| O|  |TAMS 0x0000000083b00000, 0x0000000083a00000| Untracked 
|  59|0x0000000083b00000, 0x0000000083c00000, 0x0000000083c00000|100%| O|  |TAMS 0x0000000083c00000, 0x0000000083b00000| Untracked 
|  60|0x0000000083c00000, 0x0000000083d00000, 0x0000000083d00000|100%| O|  |TAMS 0x0000000083d00000, 0x0000000083c00000| Untracked 
|  61|0x0000000083d00000, 0x0000000083e00000, 0x0000000083e00000|100%|HS|  |TAMS 0x0000000083d00000, 0x0000000083d00000| Complete 
|  62|0x0000000083e00000, 0x0000000083f00000, 0x0000000083f00000|100%|HC|  |TAMS 0x0000000083e00000, 0x0000000083e00000| Complete 
|  63|0x0000000083f00000, 0x0000000084000000, 0x0000000084000000|100%|HC|  |TAMS 0x0000000083f00000, 0x0000000083f00000| Complete 
|  64|0x0000000084000000, 0x0000000084000000, 0x0000000084100000|  0%| F|  |TAMS 0x0000000084000000, 0x0000000084000000| Untracked 
|  65|0x0000000084100000, 0x0000000084100000, 0x0000000084200000|  0%| F|  |TAMS 0x0000000084100000, 0x0000000084100000| Untracked 
|  66|0x0000000084200000, 0x0000000084200000, 0x0000000084300000|  0%| F|  |TAMS 0x0000000084200000, 0x0000000084200000| Untracked 
|  67|0x0000000084300000, 0x0000000084400000, 0x0000000084400000|100%| O|  |TAMS 0x0000000084400000, 0x0000000084300000| Untracked 
|  68|0x0000000084400000, 0x0000000084500000, 0x0000000084500000|100%| O|  |TAMS 0x0000000084500000, 0x0000000084400000| Untracked 
|  69|0x0000000084500000, 0x0000000084600000, 0x0000000084600000|100%| O|  |TAMS 0x0000000084600000, 0x0000000084500000| Untracked 
|  70|0x0000000084600000, 0x0000000084700000, 0x0000000084700000|100%| O|  |TAMS 0x0000000084700000, 0x0000000084600000| Untracked 
|  71|0x0000000084700000, 0x0000000084800000, 0x0000000084800000|100%| O|  |TAMS 0x0000000084800000, 0x0000000084700000| Untracked 
|  72|0x0000000084800000, 0x0000000084900000, 0x0000000084900000|100%| O|  |TAMS 0x0000000084900000, 0x0000000084800000| Untracked 
|  73|0x0000000084900000, 0x0000000084a00000, 0x0000000084a00000|100%| O|  |TAMS 0x0000000084a00000, 0x0000000084900000| Untracked 
|  74|0x0000000084a00000, 0x0000000084b00000, 0x0000000084b00000|100%| O|  |TAMS 0x0000000084b00000, 0x0000000084a00000| Untracked 
|  75|0x0000000084b00000, 0x0000000084c00000, 0x0000000084c00000|100%| O|  |TAMS 0x0000000084c00000, 0x0000000084b00000| Untracked 
|  76|0x0000000084c00000, 0x0000000084d00000, 0x0000000084d00000|100%| O|  |TAMS 0x0000000084d00000, 0x0000000084c00000| Untracked 
|  77|0x0000000084d00000, 0x0000000084e00000, 0x0000000084e00000|100%| O|  |TAMS 0x0000000084e00000, 0x0000000084d00000| Untracked 
|  78|0x0000000084e00000, 0x0000000084f00000, 0x0000000084f00000|100%| O|  |TAMS 0x0000000084f00000, 0x0000000084e00000| Untracked 
|  79|0x0000000084f00000, 0x0000000085000000, 0x0000000085000000|100%| O|  |TAMS 0x0000000085000000, 0x0000000084f00000| Untracked 
|  80|0x0000000085000000, 0x0000000085100000, 0x0000000085100000|100%| O|  |TAMS 0x0000000085100000, 0x0000000085000000| Untracked 
|  81|0x0000000085100000, 0x0000000085200000, 0x0000000085200000|100%| O|  |TAMS 0x0000000085200000, 0x0000000085100000| Untracked 
|  82|0x0000000085200000, 0x0000000085300000, 0x0000000085300000|100%| O|  |TAMS 0x0000000085300000, 0x0000000085200000| Untracked 
|  83|0x0000000085300000, 0x0000000085400000, 0x0000000085400000|100%| O|  |TAMS 0x0000000085400000, 0x0000000085300000| Untracked 
|  84|0x0000000085400000, 0x0000000085500000, 0x0000000085500000|100%| O|  |TAMS 0x0000000085500000, 0x0000000085400000| Untracked 
|  85|0x0000000085500000, 0x0000000085600000, 0x0000000085600000|100%|HS|  |TAMS 0x0000000085500000, 0x0000000085500000| Complete 
|  86|0x0000000085600000, 0x0000000085700000, 0x0000000085700000|100%|HC|  |TAMS 0x0000000085600000, 0x0000000085600000| Complete 
|  87|0x0000000085700000, 0x0000000085800000, 0x0000000085800000|100%|HC|  |TAMS 0x0000000085700000, 0x0000000085700000| Complete 
|  88|0x0000000085800000, 0x0000000085900000, 0x0000000085900000|100%| O|  |TAMS 0x0000000085900000, 0x0000000085800000| Untracked 
|  89|0x0000000085900000, 0x0000000085a00000, 0x0000000085a00000|100%| O|  |TAMS 0x0000000085a00000, 0x0000000085900000| Untracked 
|  90|0x0000000085a00000, 0x0000000085b00000, 0x0000000085b00000|100%| O|  |TAMS 0x0000000085b00000, 0x0000000085a00000| Untracked 
|  91|0x0000000085b00000, 0x0000000085c00000, 0x0000000085c00000|100%| O|  |TAMS 0x0000000085c00000, 0x0000000085b00000| Untracked 
|  92|0x0000000085c00000, 0x0000000085d00000, 0x0000000085d00000|100%| O|  |TAMS 0x0000000085d00000, 0x0000000085c00000| Untracked 
|  93|0x0000000085d00000, 0x0000000085e00000, 0x0000000085e00000|100%| O|  |TAMS 0x0000000085e00000, 0x0000000085d00000| Untracked 
|  94|0x0000000085e00000, 0x0000000085f00000, 0x0000000085f00000|100%| O|  |TAMS 0x0000000085f00000, 0x0000000085e00000| Untracked 
|  95|0x0000000085f00000, 0x0000000086000000, 0x0000000086000000|100%| O|  |TAMS 0x0000000086000000, 0x0000000085f00000| Untracked 
|  96|0x0000000086000000, 0x0000000086100000, 0x0000000086100000|100%| O|  |TAMS 0x0000000086100000, 0x0000000086000000| Untracked 
|  97|0x0000000086100000, 0x0000000086200000, 0x0000000086200000|100%| O|  |TAMS 0x0000000086200000, 0x0000000086100000| Untracked 
|  98|0x0000000086200000, 0x0000000086300000, 0x0000000086300000|100%| O|  |TAMS 0x0000000086300000, 0x0000000086200000| Untracked 
|  99|0x0000000086300000, 0x0000000086400000, 0x0000000086400000|100%| O|  |TAMS 0x0000000086400000, 0x0000000086300000| Untracked 
| 100|0x0000000086400000, 0x0000000086500000, 0x0000000086500000|100%| O|  |TAMS 0x0000000086500000, 0x0000000086400000| Untracked 
| 101|0x0000000086500000, 0x0000000086600000, 0x0000000086600000|100%| O|  |TAMS 0x0000000086600000, 0x0000000086500000| Untracked 
| 102|0x0000000086600000, 0x0000000086700000, 0x0000000086700000|100%| O|  |TAMS 0x0000000086700000, 0x0000000086600000| Untracked 
| 103|0x0000000086700000, 0x0000000086800000, 0x0000000086800000|100%| O|  |TAMS 0x0000000086800000, 0x0000000086700000| Untracked 
| 104|0x0000000086800000, 0x0000000086900000, 0x0000000086900000|100%| O|  |TAMS 0x0000000086900000, 0x0000000086800000| Untracked 
| 105|0x0000000086900000, 0x0000000086a00000, 0x0000000086a00000|100%| O|  |TAMS 0x0000000086a00000, 0x0000000086900000| Untracked 
| 106|0x0000000086a00000, 0x0000000086b00000, 0x0000000086b00000|100%| O|  |TAMS 0x0000000086b00000, 0x0000000086a00000| Untracked 
| 107|0x0000000086b00000, 0x0000000086c00000, 0x0000000086c00000|100%| O|  |TAMS 0x0000000086c00000, 0x0000000086b00000| Untracked 
| 108|0x0000000086c00000, 0x0000000086d00000, 0x0000000086d00000|100%| O|  |TAMS 0x0000000086d00000, 0x0000000086c00000| Untracked 
| 109|0x0000000086d00000, 0x0000000086e00000, 0x0000000086e00000|100%| O|  |TAMS 0x0000000086e00000, 0x0000000086d00000| Untracked 
| 110|0x0000000086e00000, 0x0000000086f00000, 0x0000000086f00000|100%| O|  |TAMS 0x0000000086f00000, 0x0000000086e00000| Untracked 
| 111|0x0000000086f00000, 0x0000000087000000, 0x0000000087000000|100%| O|  |TAMS 0x0000000087000000, 0x0000000086f00000| Untracked 
| 112|0x0000000087000000, 0x0000000087100000, 0x0000000087100000|100%| O|  |TAMS 0x0000000087100000, 0x0000000087000000| Untracked 
| 113|0x0000000087100000, 0x0000000087177e00, 0x0000000087200000| 46%| O|  |TAMS 0x0000000087177e00, 0x0000000087100000| Untracked 
| 114|0x0000000087200000, 0x0000000087300000, 0x0000000087300000|100%|HS|  |TAMS 0x0000000087300000, 0x0000000087200000| Complete 
| 115|0x0000000087300000, 0x0000000087400000, 0x0000000087400000|100%|HC|  |TAMS 0x0000000087400000, 0x0000000087300000| Complete 
| 116|0x0000000087400000, 0x0000000087500000, 0x0000000087500000|100%|HC|  |TAMS 0x0000000087500000, 0x0000000087400000| Complete 
| 117|0x0000000087500000, 0x0000000087600000, 0x0000000087600000|100%| O|  |TAMS 0x0000000087500000, 0x0000000087500000| Untracked 
| 118|0x0000000087600000, 0x0000000087700000, 0x0000000087700000|100%| O|  |TAMS 0x0000000087600000, 0x0000000087600000| Untracked 
| 119|0x0000000087700000, 0x0000000087800000, 0x0000000087800000|100%| O|  |TAMS 0x0000000087700000, 0x0000000087700000| Untracked 
| 120|0x0000000087800000, 0x0000000087900000, 0x0000000087900000|100%| O|  |TAMS 0x0000000087800000, 0x0000000087800000| Untracked 
| 121|0x0000000087900000, 0x0000000087a00000, 0x0000000087a00000|100%| O|  |TAMS 0x0000000087900000, 0x0000000087900000| Untracked 
| 122|0x0000000087a00000, 0x0000000087b00000, 0x0000000087b00000|100%| O|  |TAMS 0x0000000087a00000, 0x0000000087a00000| Untracked 
| 123|0x0000000087b00000, 0x0000000087c00000, 0x0000000087c00000|100%| O|  |TAMS 0x0000000087b00000, 0x0000000087b00000| Untracked 
| 124|0x0000000087c00000, 0x0000000087d00000, 0x0000000087d00000|100%| O|  |TAMS 0x0000000087c00000, 0x0000000087c00000| Untracked 
| 125|0x0000000087d00000, 0x0000000087e00000, 0x0000000087e00000|100%| O|  |TAMS 0x0000000087d00000, 0x0000000087d00000| Untracked 
| 126|0x0000000087e00000, 0x0000000087f00000, 0x0000000087f00000|100%| O|  |TAMS 0x0000000087e00000, 0x0000000087e00000| Untracked 
| 127|0x0000000087f00000, 0x0000000088000000, 0x0000000088000000|100%| O|  |TAMS 0x0000000087f00000, 0x0000000087f00000| Untracked 
| 128|0x0000000088000000, 0x0000000088100000, 0x0000000088100000|100%| O|  |TAMS 0x0000000088000000, 0x0000000088000000| Untracked 
| 129|0x0000000088100000, 0x0000000088200000, 0x0000000088200000|100%| O|  |TAMS 0x0000000088100000, 0x0000000088100000| Untracked 
| 130|0x0000000088200000, 0x0000000088300000, 0x0000000088300000|100%| O|  |TAMS 0x0000000088200000, 0x0000000088200000| Untracked 
| 131|0x0000000088300000, 0x0000000088400000, 0x0000000088400000|100%| O|  |TAMS 0x0000000088300000, 0x0000000088300000| Untracked 
| 132|0x0000000088400000, 0x0000000088500000, 0x0000000088500000|100%| O|  |TAMS 0x0000000088400000, 0x0000000088400000| Untracked 
| 133|0x0000000088500000, 0x0000000088600000, 0x0000000088600000|100%| O|  |TAMS 0x0000000088500000, 0x0000000088500000| Untracked 
| 134|0x0000000088600000, 0x0000000088700000, 0x0000000088700000|100%| O|  |TAMS 0x0000000088600000, 0x0000000088600000| Untracked 
| 135|0x0000000088700000, 0x0000000088800000, 0x0000000088800000|100%| O|  |TAMS 0x0000000088700000, 0x0000000088700000| Untracked 
| 136|0x0000000088800000, 0x0000000088900000, 0x0000000088900000|100%| O|  |TAMS 0x0000000088800000, 0x0000000088800000| Untracked 
| 137|0x0000000088900000, 0x0000000088900000, 0x0000000088a00000|  0%| F|  |TAMS 0x0000000088900000, 0x0000000088900000| Untracked 
| 138|0x0000000088a00000, 0x0000000088b00000, 0x0000000088b00000|100%| O|  |TAMS 0x0000000088a00000, 0x0000000088a00000| Untracked 
| 139|0x0000000088b00000, 0x0000000088c00000, 0x0000000088c00000|100%| O|  |TAMS 0x0000000088b00000, 0x0000000088b00000| Untracked 
| 140|0x0000000088c00000, 0x0000000088d00000, 0x0000000088d00000|100%| O|  |TAMS 0x0000000088c00000, 0x0000000088c00000| Untracked 
| 141|0x0000000088d00000, 0x0000000088e00000, 0x0000000088e00000|100%| O|  |TAMS 0x0000000088d00000, 0x0000000088d00000| Untracked 
| 142|0x0000000088e00000, 0x0000000088f00000, 0x0000000088f00000|100%| O|  |TAMS 0x0000000088e00000, 0x0000000088e00000| Untracked 
| 143|0x0000000088f00000, 0x0000000089000000, 0x0000000089000000|100%| O|  |TAMS 0x0000000088f00000, 0x0000000088f00000| Untracked 
| 144|0x0000000089000000, 0x0000000089100000, 0x0000000089100000|100%| O|  |TAMS 0x0000000089000000, 0x0000000089000000| Untracked 
| 145|0x0000000089100000, 0x0000000089200000, 0x0000000089200000|100%| O|  |TAMS 0x0000000089100000, 0x0000000089100000| Untracked 
| 146|0x0000000089200000, 0x0000000089300000, 0x0000000089300000|100%| O|  |TAMS 0x0000000089200000, 0x0000000089200000| Untracked 
| 147|0x0000000089300000, 0x0000000089375e00, 0x0000000089400000| 46%| O|  |TAMS 0x0000000089300000, 0x0000000089300000| Untracked 
| 148|0x0000000089400000, 0x0000000089400000, 0x0000000089500000|  0%| F|  |TAMS 0x0000000089400000, 0x0000000089400000| Untracked 
| 149|0x0000000089500000, 0x0000000089500000, 0x0000000089600000|  0%| F|  |TAMS 0x0000000089500000, 0x0000000089500000| Untracked 
| 150|0x0000000089600000, 0x0000000089600000, 0x0000000089700000|  0%| F|  |TAMS 0x0000000089600000, 0x0000000089600000| Untracked 
| 151|0x0000000089700000, 0x0000000089700000, 0x0000000089800000|  0%| F|  |TAMS 0x0000000089700000, 0x0000000089700000| Untracked 
| 152|0x0000000089800000, 0x0000000089800000, 0x0000000089900000|  0%| F|  |TAMS 0x0000000089800000, 0x0000000089800000| Untracked 
| 153|0x0000000089900000, 0x0000000089900000, 0x0000000089a00000|  0%| F|  |TAMS 0x0000000089900000, 0x0000000089900000| Untracked 
| 154|0x0000000089a00000, 0x0000000089a00000, 0x0000000089b00000|  0%| F|  |TAMS 0x0000000089a00000, 0x0000000089a00000| Untracked 
| 155|0x0000000089b00000, 0x0000000089b00000, 0x0000000089c00000|  0%| F|  |TAMS 0x0000000089b00000, 0x0000000089b00000| Untracked 
| 156|0x0000000089c00000, 0x0000000089c00000, 0x0000000089d00000|  0%| F|  |TAMS 0x0000000089c00000, 0x0000000089c00000| Untracked 
| 157|0x0000000089d00000, 0x0000000089d00000, 0x0000000089e00000|  0%| F|  |TAMS 0x0000000089d00000, 0x0000000089d00000| Untracked 
| 158|0x0000000089e00000, 0x0000000089e00000, 0x0000000089f00000|  0%| F|  |TAMS 0x0000000089e00000, 0x0000000089e00000| Untracked 
| 159|0x0000000089f00000, 0x0000000089f00000, 0x000000008a000000|  0%| F|  |TAMS 0x0000000089f00000, 0x0000000089f00000| Untracked 
| 160|0x000000008a000000, 0x000000008a000000, 0x000000008a100000|  0%| F|  |TAMS 0x000000008a000000, 0x000000008a000000| Untracked 
| 161|0x000000008a100000, 0x000000008a100000, 0x000000008a200000|  0%| F|  |TAMS 0x000000008a100000, 0x000000008a100000| Untracked 
| 162|0x000000008a200000, 0x000000008a200000, 0x000000008a300000|  0%| F|  |TAMS 0x000000008a200000, 0x000000008a200000| Untracked 
| 163|0x000000008a300000, 0x000000008a300000, 0x000000008a400000|  0%| F|  |TAMS 0x000000008a300000, 0x000000008a300000| Untracked 
| 164|0x000000008a400000, 0x000000008a400000, 0x000000008a500000|  0%| F|  |TAMS 0x000000008a400000, 0x000000008a400000| Untracked 
| 165|0x000000008a500000, 0x000000008a500000, 0x000000008a600000|  0%| F|  |TAMS 0x000000008a500000, 0x000000008a500000| Untracked 
| 166|0x000000008a600000, 0x000000008a600000, 0x000000008a700000|  0%| F|  |TAMS 0x000000008a600000, 0x000000008a600000| Untracked 
| 167|0x000000008a700000, 0x000000008a700000, 0x000000008a800000|  0%| F|  |TAMS 0x000000008a700000, 0x000000008a700000| Untracked 
| 168|0x000000008a800000, 0x000000008a800000, 0x000000008a900000|  0%| F|  |TAMS 0x000000008a800000, 0x000000008a800000| Untracked 
| 169|0x000000008a900000, 0x000000008a900000, 0x000000008aa00000|  0%| F|  |TAMS 0x000000008a900000, 0x000000008a900000| Untracked 
| 170|0x000000008aa00000, 0x000000008aa00000, 0x000000008ab00000|  0%| F|  |TAMS 0x000000008aa00000, 0x000000008aa00000| Untracked 
| 171|0x000000008ab00000, 0x000000008ab00000, 0x000000008ac00000|  0%| F|  |TAMS 0x000000008ab00000, 0x000000008ab00000| Untracked 
| 172|0x000000008ac00000, 0x000000008ac00000, 0x000000008ad00000|  0%| F|  |TAMS 0x000000008ac00000, 0x000000008ac00000| Untracked 
| 173|0x000000008ad00000, 0x000000008ad00000, 0x000000008ae00000|  0%| F|  |TAMS 0x000000008ad00000, 0x000000008ad00000| Untracked 
| 174|0x000000008ae00000, 0x000000008ae00000, 0x000000008af00000|  0%| F|  |TAMS 0x000000008ae00000, 0x000000008ae00000| Untracked 
| 175|0x000000008af00000, 0x000000008af00000, 0x000000008b000000|  0%| F|  |TAMS 0x000000008af00000, 0x000000008af00000| Untracked 
| 176|0x000000008b000000, 0x000000008b000000, 0x000000008b100000|  0%| F|  |TAMS 0x000000008b000000, 0x000000008b000000| Untracked 
| 177|0x000000008b100000, 0x000000008b100000, 0x000000008b200000|  0%| F|  |TAMS 0x000000008b100000, 0x000000008b100000| Untracked 
| 178|0x000000008b200000, 0x000000008b200000, 0x000000008b300000|  0%| F|  |TAMS 0x000000008b200000, 0x000000008b200000| Untracked 
| 179|0x000000008b300000, 0x000000008b300000, 0x000000008b400000|  0%| F|  |TAMS 0x000000008b300000, 0x000000008b300000| Untracked 
| 180|0x000000008b400000, 0x000000008b400000, 0x000000008b500000|  0%| F|  |TAMS 0x000000008b400000, 0x000000008b400000| Untracked 
| 181|0x000000008b500000, 0x000000008b500000, 0x000000008b600000|  0%| F|  |TAMS 0x000000008b500000, 0x000000008b500000| Untracked 
| 182|0x000000008b600000, 0x000000008b600000, 0x000000008b700000|  0%| F|  |TAMS 0x000000008b600000, 0x000000008b600000| Untracked 
| 183|0x000000008b700000, 0x000000008b700000, 0x000000008b800000|  0%| F|  |TAMS 0x000000008b700000, 0x000000008b700000| Untracked 
| 184|0x000000008b800000, 0x000000008b800000, 0x000000008b900000|  0%| F|  |TAMS 0x000000008b800000, 0x000000008b800000| Untracked 
| 185|0x000000008b900000, 0x000000008b900000, 0x000000008ba00000|  0%| F|  |TAMS 0x000000008b900000, 0x000000008b900000| Untracked 
| 186|0x000000008ba00000, 0x000000008ba00000, 0x000000008bb00000|  0%| F|  |TAMS 0x000000008ba00000, 0x000000008ba00000| Untracked 
| 187|0x000000008bb00000, 0x000000008bb00000, 0x000000008bc00000|  0%| F|  |TAMS 0x000000008bb00000, 0x000000008bb00000| Untracked 
| 188|0x000000008bc00000, 0x000000008bc00000, 0x000000008bd00000|  0%| F|  |TAMS 0x000000008bc00000, 0x000000008bc00000| Untracked 
| 189|0x000000008bd00000, 0x000000008bd00000, 0x000000008be00000|  0%| F|  |TAMS 0x000000008bd00000, 0x000000008bd00000| Untracked 
| 190|0x000000008be00000, 0x000000008be00000, 0x000000008bf00000|  0%| F|  |TAMS 0x000000008be00000, 0x000000008be00000| Untracked 
| 191|0x000000008bf00000, 0x000000008bf00000, 0x000000008c000000|  0%| F|  |TAMS 0x000000008bf00000, 0x000000008bf00000| Untracked 
| 192|0x000000008c000000, 0x000000008c000000, 0x000000008c100000|  0%| F|  |TAMS 0x000000008c000000, 0x000000008c000000| Untracked 
| 193|0x000000008c100000, 0x000000008c100000, 0x000000008c200000|  0%| F|  |TAMS 0x000000008c100000, 0x000000008c100000| Untracked 
| 194|0x000000008c200000, 0x000000008c200000, 0x000000008c300000|  0%| F|  |TAMS 0x000000008c200000, 0x000000008c200000| Untracked 
| 195|0x000000008c300000, 0x000000008c300000, 0x000000008c400000|  0%| F|  |TAMS 0x000000008c300000, 0x000000008c300000| Untracked 
| 196|0x000000008c400000, 0x000000008c400000, 0x000000008c500000|  0%| F|  |TAMS 0x000000008c400000, 0x000000008c400000| Untracked 
| 197|0x000000008c500000, 0x000000008c500000, 0x000000008c600000|  0%| F|  |TAMS 0x000000008c500000, 0x000000008c500000| Untracked 
| 198|0x000000008c600000, 0x000000008c600000, 0x000000008c700000|  0%| F|  |TAMS 0x000000008c600000, 0x000000008c600000| Untracked 
| 199|0x000000008c700000, 0x000000008c700000, 0x000000008c800000|  0%| F|  |TAMS 0x000000008c700000, 0x000000008c700000| Untracked 
| 200|0x000000008c800000, 0x000000008c8f2890, 0x000000008c900000| 94%| S|CS|TAMS 0x000000008c800000, 0x000000008c800000| Complete 
| 201|0x000000008c900000, 0x000000008ca00000, 0x000000008ca00000|100%| S|CS|TAMS 0x000000008c900000, 0x000000008c900000| Complete 
| 202|0x000000008ca00000, 0x000000008cb00000, 0x000000008cb00000|100%| S|CS|TAMS 0x000000008ca00000, 0x000000008ca00000| Complete 
| 203|0x000000008cb00000, 0x000000008cb00000, 0x000000008cc00000|  0%| F|  |TAMS 0x000000008cb00000, 0x000000008cb00000| Untracked 
| 204|0x000000008cc00000, 0x000000008cc00000, 0x000000008cd00000|  0%| F|  |TAMS 0x000000008cc00000, 0x000000008cc00000| Untracked 
| 205|0x000000008cd00000, 0x000000008cd00000, 0x000000008ce00000|  0%| F|  |TAMS 0x000000008cd00000, 0x000000008cd00000| Untracked 
| 206|0x000000008ce00000, 0x000000008ce00000, 0x000000008cf00000|  0%| F|  |TAMS 0x000000008ce00000, 0x000000008ce00000| Untracked 
| 207|0x000000008cf00000, 0x000000008cf00000, 0x000000008d000000|  0%| F|  |TAMS 0x000000008cf00000, 0x000000008cf00000| Untracked 
| 208|0x000000008d000000, 0x000000008d000000, 0x000000008d100000|  0%| F|  |TAMS 0x000000008d000000, 0x000000008d000000| Untracked 
| 209|0x000000008d100000, 0x000000008d100000, 0x000000008d200000|  0%| F|  |TAMS 0x000000008d100000, 0x000000008d100000| Untracked 
| 210|0x000000008d200000, 0x000000008d300000, 0x000000008d300000|100%| S|CS|TAMS 0x000000008d200000, 0x000000008d200000| Complete 
| 211|0x000000008d300000, 0x000000008d300000, 0x000000008d400000|  0%| F|  |TAMS 0x000000008d300000, 0x000000008d300000| Untracked 
| 212|0x000000008d400000, 0x000000008d400000, 0x000000008d500000|  0%| F|  |TAMS 0x000000008d400000, 0x000000008d400000| Untracked 
| 213|0x000000008d500000, 0x000000008d500000, 0x000000008d600000|  0%| F|  |TAMS 0x000000008d500000, 0x000000008d500000| Untracked 
| 214|0x000000008d600000, 0x000000008d600000, 0x000000008d700000|  0%| F|  |TAMS 0x000000008d600000, 0x000000008d600000| Untracked 
| 215|0x000000008d700000, 0x000000008d700000, 0x000000008d800000|  0%| F|  |TAMS 0x000000008d700000, 0x000000008d700000| Untracked 
| 216|0x000000008d800000, 0x000000008d900000, 0x000000008d900000|100%| S|CS|TAMS 0x000000008d800000, 0x000000008d800000| Complete 
| 217|0x000000008d900000, 0x000000008da00000, 0x000000008da00000|100%| S|CS|TAMS 0x000000008d900000, 0x000000008d900000| Complete 
| 218|0x000000008da00000, 0x000000008db00000, 0x000000008db00000|100%| S|CS|TAMS 0x000000008da00000, 0x000000008da00000| Complete 
| 219|0x000000008db00000, 0x000000008dc00000, 0x000000008dc00000|100%| S|CS|TAMS 0x000000008db00000, 0x000000008db00000| Complete 
| 220|0x000000008dc00000, 0x000000008dd00000, 0x000000008dd00000|100%| S|CS|TAMS 0x000000008dc00000, 0x000000008dc00000| Complete 
| 221|0x000000008dd00000, 0x000000008de00000, 0x000000008de00000|100%| S|CS|TAMS 0x000000008dd00000, 0x000000008dd00000| Complete 
| 222|0x000000008de00000, 0x000000008df00000, 0x000000008df00000|100%| S|CS|TAMS 0x000000008de00000, 0x000000008de00000| Complete 
| 223|0x000000008df00000, 0x000000008df00000, 0x000000008e000000|  0%| F|  |TAMS 0x000000008df00000, 0x000000008df00000| Untracked 
| 224|0x000000008e000000, 0x000000008e000000, 0x000000008e100000|  0%| F|  |TAMS 0x000000008e000000, 0x000000008e000000| Untracked 
| 225|0x000000008e100000, 0x000000008e100000, 0x000000008e200000|  0%| F|  |TAMS 0x000000008e100000, 0x000000008e100000| Untracked 
| 226|0x000000008e200000, 0x000000008e200000, 0x000000008e300000|  0%| F|  |TAMS 0x000000008e200000, 0x000000008e200000| Untracked 
| 227|0x000000008e300000, 0x000000008e300000, 0x000000008e400000|  0%| F|  |TAMS 0x000000008e300000, 0x000000008e300000| Untracked 
| 228|0x000000008e400000, 0x000000008e400000, 0x000000008e500000|  0%| F|  |TAMS 0x000000008e400000, 0x000000008e400000| Untracked 
| 229|0x000000008e500000, 0x000000008e500000, 0x000000008e600000|  0%| F|  |TAMS 0x000000008e500000, 0x000000008e500000| Untracked 
| 230|0x000000008e600000, 0x000000008e600000, 0x000000008e700000|  0%| F|  |TAMS 0x000000008e600000, 0x000000008e600000| Untracked 
| 231|0x000000008e700000, 0x000000008e700000, 0x000000008e800000|  0%| F|  |TAMS 0x000000008e700000, 0x000000008e700000| Untracked 
| 232|0x000000008e800000, 0x000000008e800000, 0x000000008e900000|  0%| F|  |TAMS 0x000000008e800000, 0x000000008e800000| Untracked 
| 233|0x000000008e900000, 0x000000008e900000, 0x000000008ea00000|  0%| F|  |TAMS 0x000000008e900000, 0x000000008e900000| Untracked 
| 234|0x000000008ea00000, 0x000000008ea00000, 0x000000008eb00000|  0%| F|  |TAMS 0x000000008ea00000, 0x000000008ea00000| Untracked 
| 235|0x000000008eb00000, 0x000000008eb00000, 0x000000008ec00000|  0%| F|  |TAMS 0x000000008eb00000, 0x000000008eb00000| Untracked 
| 236|0x000000008ec00000, 0x000000008ec00000, 0x000000008ed00000|  0%| F|  |TAMS 0x000000008ec00000, 0x000000008ec00000| Untracked 
| 237|0x000000008ed00000, 0x000000008ed00000, 0x000000008ee00000|  0%| F|  |TAMS 0x000000008ed00000, 0x000000008ed00000| Untracked 
| 238|0x000000008ee00000, 0x000000008ee00000, 0x000000008ef00000|  0%| F|  |TAMS 0x000000008ee00000, 0x000000008ee00000| Untracked 
| 239|0x000000008ef00000, 0x000000008ef00000, 0x000000008f000000|  0%| F|  |TAMS 0x000000008ef00000, 0x000000008ef00000| Untracked 
| 240|0x000000008f000000, 0x000000008f000000, 0x000000008f100000|  0%| F|  |TAMS 0x000000008f000000, 0x000000008f000000| Untracked 
| 241|0x000000008f100000, 0x000000008f100000, 0x000000008f200000|  0%| F|  |TAMS 0x000000008f100000, 0x000000008f100000| Untracked 
| 242|0x000000008f200000, 0x000000008f200000, 0x000000008f300000|  0%| F|  |TAMS 0x000000008f200000, 0x000000008f200000| Untracked 
| 243|0x000000008f300000, 0x000000008f300000, 0x000000008f400000|  0%| F|  |TAMS 0x000000008f300000, 0x000000008f300000| Untracked 
| 244|0x000000008f400000, 0x000000008f400000, 0x000000008f500000|  0%| F|  |TAMS 0x000000008f400000, 0x000000008f400000| Untracked 
| 245|0x000000008f500000, 0x000000008f500000, 0x000000008f600000|  0%| F|  |TAMS 0x000000008f500000, 0x000000008f500000| Untracked 
| 246|0x000000008f600000, 0x000000008f600000, 0x000000008f700000|  0%| F|  |TAMS 0x000000008f600000, 0x000000008f600000| Untracked 
| 247|0x000000008f700000, 0x000000008f700000, 0x000000008f800000|  0%| F|  |TAMS 0x000000008f700000, 0x000000008f700000| Untracked 
| 248|0x000000008f800000, 0x000000008f800000, 0x000000008f900000|  0%| F|  |TAMS 0x000000008f800000, 0x000000008f800000| Untracked 
| 249|0x000000008f900000, 0x000000008f900000, 0x000000008fa00000|  0%| F|  |TAMS 0x000000008f900000, 0x000000008f900000| Untracked 
| 250|0x000000008fa00000, 0x000000008fa00000, 0x000000008fb00000|  0%| F|  |TAMS 0x000000008fa00000, 0x000000008fa00000| Untracked 
| 251|0x000000008fb00000, 0x000000008fb00000, 0x000000008fc00000|  0%| F|  |TAMS 0x000000008fb00000, 0x000000008fb00000| Untracked 
| 252|0x000000008fc00000, 0x000000008fc00000, 0x000000008fd00000|  0%| F|  |TAMS 0x000000008fc00000, 0x000000008fc00000| Untracked 
| 253|0x000000008fd00000, 0x000000008fd00000, 0x000000008fe00000|  0%| F|  |TAMS 0x000000008fd00000, 0x000000008fd00000| Untracked 
| 254|0x000000008fe00000, 0x000000008fe00000, 0x000000008ff00000|  0%| F|  |TAMS 0x000000008fe00000, 0x000000008fe00000| Untracked 
| 255|0x000000008ff00000, 0x000000008ff00000, 0x0000000090000000|  0%| F|  |TAMS 0x000000008ff00000, 0x000000008ff00000| Untracked 
| 256|0x0000000090000000, 0x0000000090000000, 0x0000000090100000|  0%| F|  |TAMS 0x0000000090000000, 0x0000000090000000| Untracked 
| 257|0x0000000090100000, 0x0000000090100000, 0x0000000090200000|  0%| F|  |TAMS 0x0000000090100000, 0x0000000090100000| Untracked 
| 258|0x0000000090200000, 0x0000000090200000, 0x0000000090300000|  0%| F|  |TAMS 0x0000000090200000, 0x0000000090200000| Untracked 
| 259|0x0000000090300000, 0x0000000090300000, 0x0000000090400000|  0%| F|  |TAMS 0x0000000090300000, 0x0000000090300000| Untracked 
| 260|0x0000000090400000, 0x0000000090400000, 0x0000000090500000|  0%| F|  |TAMS 0x0000000090400000, 0x0000000090400000| Untracked 
| 261|0x0000000090500000, 0x0000000090500000, 0x0000000090600000|  0%| F|  |TAMS 0x0000000090500000, 0x0000000090500000| Untracked 
| 262|0x0000000090600000, 0x0000000090600000, 0x0000000090700000|  0%| F|  |TAMS 0x0000000090600000, 0x0000000090600000| Untracked 
| 263|0x0000000090700000, 0x0000000090700000, 0x0000000090800000|  0%| F|  |TAMS 0x0000000090700000, 0x0000000090700000| Untracked 
| 264|0x0000000090800000, 0x0000000090800000, 0x0000000090900000|  0%| F|  |TAMS 0x0000000090800000, 0x0000000090800000| Untracked 
| 265|0x0000000090900000, 0x0000000090900000, 0x0000000090a00000|  0%| F|  |TAMS 0x0000000090900000, 0x0000000090900000| Untracked 
| 266|0x0000000090a00000, 0x0000000090a00000, 0x0000000090b00000|  0%| F|  |TAMS 0x0000000090a00000, 0x0000000090a00000| Untracked 
| 267|0x0000000090b00000, 0x0000000090b00000, 0x0000000090c00000|  0%| F|  |TAMS 0x0000000090b00000, 0x0000000090b00000| Untracked 
| 268|0x0000000090c00000, 0x0000000090c00000, 0x0000000090d00000|  0%| F|  |TAMS 0x0000000090c00000, 0x0000000090c00000| Untracked 
| 269|0x0000000090d00000, 0x0000000090d00000, 0x0000000090e00000|  0%| F|  |TAMS 0x0000000090d00000, 0x0000000090d00000| Untracked 
| 270|0x0000000090e00000, 0x0000000090e00000, 0x0000000090f00000|  0%| F|  |TAMS 0x0000000090e00000, 0x0000000090e00000| Untracked 
| 271|0x0000000090f00000, 0x0000000090f00000, 0x0000000091000000|  0%| F|  |TAMS 0x0000000090f00000, 0x0000000090f00000| Untracked 
| 272|0x0000000091000000, 0x0000000091000000, 0x0000000091100000|  0%| F|  |TAMS 0x0000000091000000, 0x0000000091000000| Untracked 
| 273|0x0000000091100000, 0x0000000091100000, 0x0000000091200000|  0%| F|  |TAMS 0x0000000091100000, 0x0000000091100000| Untracked 
| 274|0x0000000091200000, 0x0000000091200000, 0x0000000091300000|  0%| F|  |TAMS 0x0000000091200000, 0x0000000091200000| Untracked 
| 275|0x0000000091300000, 0x0000000091300000, 0x0000000091400000|  0%| F|  |TAMS 0x0000000091300000, 0x0000000091300000| Untracked 
| 276|0x0000000091400000, 0x0000000091400000, 0x0000000091500000|  0%| F|  |TAMS 0x0000000091400000, 0x0000000091400000| Untracked 
| 277|0x0000000091500000, 0x0000000091500000, 0x0000000091600000|  0%| F|  |TAMS 0x0000000091500000, 0x0000000091500000| Untracked 
| 278|0x0000000091600000, 0x0000000091600000, 0x0000000091700000|  0%| F|  |TAMS 0x0000000091600000, 0x0000000091600000| Untracked 
| 279|0x0000000091700000, 0x0000000091700000, 0x0000000091800000|  0%| F|  |TAMS 0x0000000091700000, 0x0000000091700000| Untracked 
| 280|0x0000000091800000, 0x0000000091800000, 0x0000000091900000|  0%| F|  |TAMS 0x0000000091800000, 0x0000000091800000| Untracked 
| 281|0x0000000091900000, 0x0000000091900000, 0x0000000091a00000|  0%| F|  |TAMS 0x0000000091900000, 0x0000000091900000| Untracked 
| 282|0x0000000091a00000, 0x0000000091a00000, 0x0000000091b00000|  0%| F|  |TAMS 0x0000000091a00000, 0x0000000091a00000| Untracked 
| 283|0x0000000091b00000, 0x0000000091b00000, 0x0000000091c00000|  0%| F|  |TAMS 0x0000000091b00000, 0x0000000091b00000| Untracked 
| 284|0x0000000091c00000, 0x0000000091c00000, 0x0000000091d00000|  0%| F|  |TAMS 0x0000000091c00000, 0x0000000091c00000| Untracked 
| 285|0x0000000091d00000, 0x0000000091d00000, 0x0000000091e00000|  0%| F|  |TAMS 0x0000000091d00000, 0x0000000091d00000| Untracked 
| 286|0x0000000091e00000, 0x0000000091e00000, 0x0000000091f00000|  0%| F|  |TAMS 0x0000000091e00000, 0x0000000091e00000| Untracked 
| 287|0x0000000091f00000, 0x0000000091f00000, 0x0000000092000000|  0%| F|  |TAMS 0x0000000091f00000, 0x0000000091f00000| Untracked 
| 288|0x0000000092000000, 0x0000000092000000, 0x0000000092100000|  0%| F|  |TAMS 0x0000000092000000, 0x0000000092000000| Untracked 
| 289|0x0000000092100000, 0x0000000092100000, 0x0000000092200000|  0%| F|  |TAMS 0x0000000092100000, 0x0000000092100000| Untracked 
| 290|0x0000000092200000, 0x0000000092200000, 0x0000000092300000|  0%| F|  |TAMS 0x0000000092200000, 0x0000000092200000| Untracked 
| 291|0x0000000092300000, 0x0000000092300000, 0x0000000092400000|  0%| F|  |TAMS 0x0000000092300000, 0x0000000092300000| Untracked 
| 292|0x0000000092400000, 0x0000000092400000, 0x0000000092500000|  0%| F|  |TAMS 0x0000000092400000, 0x0000000092400000| Untracked 
| 293|0x0000000092500000, 0x0000000092500000, 0x0000000092600000|  0%| F|  |TAMS 0x0000000092500000, 0x0000000092500000| Untracked 
| 294|0x0000000092600000, 0x0000000092600000, 0x0000000092700000|  0%| F|  |TAMS 0x0000000092600000, 0x0000000092600000| Untracked 
| 295|0x0000000092700000, 0x0000000092700000, 0x0000000092800000|  0%| F|  |TAMS 0x0000000092700000, 0x0000000092700000| Untracked 
| 296|0x0000000092800000, 0x0000000092800000, 0x0000000092900000|  0%| F|  |TAMS 0x0000000092800000, 0x0000000092800000| Untracked 
| 297|0x0000000092900000, 0x0000000092900000, 0x0000000092a00000|  0%| F|  |TAMS 0x0000000092900000, 0x0000000092900000| Untracked 
| 298|0x0000000092a00000, 0x0000000092a00000, 0x0000000092b00000|  0%| F|  |TAMS 0x0000000092a00000, 0x0000000092a00000| Untracked 
| 299|0x0000000092b00000, 0x0000000092b00000, 0x0000000092c00000|  0%| F|  |TAMS 0x0000000092b00000, 0x0000000092b00000| Untracked 
| 300|0x0000000092c00000, 0x0000000092c00000, 0x0000000092d00000|  0%| F|  |TAMS 0x0000000092c00000, 0x0000000092c00000| Untracked 
| 301|0x0000000092d00000, 0x0000000092d00000, 0x0000000092e00000|  0%| F|  |TAMS 0x0000000092d00000, 0x0000000092d00000| Untracked 
| 302|0x0000000092e00000, 0x0000000092e00000, 0x0000000092f00000|  0%| F|  |TAMS 0x0000000092e00000, 0x0000000092e00000| Untracked 
| 303|0x0000000092f00000, 0x0000000092f00000, 0x0000000093000000|  0%| F|  |TAMS 0x0000000092f00000, 0x0000000092f00000| Untracked 
| 304|0x0000000093000000, 0x0000000093000000, 0x0000000093100000|  0%| F|  |TAMS 0x0000000093000000, 0x0000000093000000| Untracked 
| 305|0x0000000093100000, 0x0000000093100000, 0x0000000093200000|  0%| F|  |TAMS 0x0000000093100000, 0x0000000093100000| Untracked 
| 306|0x0000000093200000, 0x0000000093200000, 0x0000000093300000|  0%| F|  |TAMS 0x0000000093200000, 0x0000000093200000| Untracked 
| 307|0x0000000093300000, 0x0000000093300000, 0x0000000093400000|  0%| F|  |TAMS 0x0000000093300000, 0x0000000093300000| Untracked 
| 308|0x0000000093400000, 0x0000000093400000, 0x0000000093500000|  0%| F|  |TAMS 0x0000000093400000, 0x0000000093400000| Untracked 
| 309|0x0000000093500000, 0x0000000093500000, 0x0000000093600000|  0%| F|  |TAMS 0x0000000093500000, 0x0000000093500000| Untracked 
| 310|0x0000000093600000, 0x0000000093600000, 0x0000000093700000|  0%| F|  |TAMS 0x0000000093600000, 0x0000000093600000| Untracked 
| 311|0x0000000093700000, 0x0000000093700000, 0x0000000093800000|  0%| F|  |TAMS 0x0000000093700000, 0x0000000093700000| Untracked 
| 312|0x0000000093800000, 0x0000000093800000, 0x0000000093900000|  0%| F|  |TAMS 0x0000000093800000, 0x0000000093800000| Untracked 
| 313|0x0000000093900000, 0x0000000093900000, 0x0000000093a00000|  0%| F|  |TAMS 0x0000000093900000, 0x0000000093900000| Untracked 
| 314|0x0000000093a00000, 0x0000000093a00000, 0x0000000093b00000|  0%| F|  |TAMS 0x0000000093a00000, 0x0000000093a00000| Untracked 
| 315|0x0000000093b00000, 0x0000000093b00000, 0x0000000093c00000|  0%| F|  |TAMS 0x0000000093b00000, 0x0000000093b00000| Untracked 
| 316|0x0000000093c00000, 0x0000000093c00000, 0x0000000093d00000|  0%| F|  |TAMS 0x0000000093c00000, 0x0000000093c00000| Untracked 
| 317|0x0000000093d00000, 0x0000000093d00000, 0x0000000093e00000|  0%| F|  |TAMS 0x0000000093d00000, 0x0000000093d00000| Untracked 
| 318|0x0000000093e00000, 0x0000000093e00000, 0x0000000093f00000|  0%| F|  |TAMS 0x0000000093e00000, 0x0000000093e00000| Untracked 
| 319|0x0000000093f00000, 0x0000000093f00000, 0x0000000094000000|  0%| F|  |TAMS 0x0000000093f00000, 0x0000000093f00000| Untracked 
| 320|0x0000000094000000, 0x0000000094000000, 0x0000000094100000|  0%| F|  |TAMS 0x0000000094000000, 0x0000000094000000| Untracked 
| 321|0x0000000094100000, 0x0000000094100000, 0x0000000094200000|  0%| F|  |TAMS 0x0000000094100000, 0x0000000094100000| Untracked 
| 322|0x0000000094200000, 0x0000000094200000, 0x0000000094300000|  0%| F|  |TAMS 0x0000000094200000, 0x0000000094200000| Untracked 
| 323|0x0000000094300000, 0x0000000094300000, 0x0000000094400000|  0%| F|  |TAMS 0x0000000094300000, 0x0000000094300000| Untracked 
| 324|0x0000000094400000, 0x0000000094400000, 0x0000000094500000|  0%| F|  |TAMS 0x0000000094400000, 0x0000000094400000| Untracked 
| 325|0x0000000094500000, 0x0000000094500000, 0x0000000094600000|  0%| F|  |TAMS 0x0000000094500000, 0x0000000094500000| Untracked 
| 326|0x0000000094600000, 0x0000000094600000, 0x0000000094700000|  0%| F|  |TAMS 0x0000000094600000, 0x0000000094600000| Untracked 
| 327|0x0000000094700000, 0x0000000094700000, 0x0000000094800000|  0%| F|  |TAMS 0x0000000094700000, 0x0000000094700000| Untracked 
| 328|0x0000000094800000, 0x0000000094800000, 0x0000000094900000|  0%| F|  |TAMS 0x0000000094800000, 0x0000000094800000| Untracked 
| 329|0x0000000094900000, 0x0000000094900000, 0x0000000094a00000|  0%| F|  |TAMS 0x0000000094900000, 0x0000000094900000| Untracked 
| 330|0x0000000094a00000, 0x0000000094a00000, 0x0000000094b00000|  0%| F|  |TAMS 0x0000000094a00000, 0x0000000094a00000| Untracked 
| 331|0x0000000094b00000, 0x0000000094b00000, 0x0000000094c00000|  0%| F|  |TAMS 0x0000000094b00000, 0x0000000094b00000| Untracked 
| 332|0x0000000094c00000, 0x0000000094c00000, 0x0000000094d00000|  0%| F|  |TAMS 0x0000000094c00000, 0x0000000094c00000| Untracked 
| 333|0x0000000094d00000, 0x0000000094d00000, 0x0000000094e00000|  0%| F|  |TAMS 0x0000000094d00000, 0x0000000094d00000| Untracked 
| 334|0x0000000094e00000, 0x0000000094e00000, 0x0000000094f00000|  0%| F|  |TAMS 0x0000000094e00000, 0x0000000094e00000| Untracked 
| 335|0x0000000094f00000, 0x0000000094f00000, 0x0000000095000000|  0%| F|  |TAMS 0x0000000094f00000, 0x0000000094f00000| Untracked 
| 336|0x0000000095000000, 0x0000000095000000, 0x0000000095100000|  0%| F|  |TAMS 0x0000000095000000, 0x0000000095000000| Untracked 
| 337|0x0000000095100000, 0x0000000095100000, 0x0000000095200000|  0%| F|  |TAMS 0x0000000095100000, 0x0000000095100000| Untracked 
| 338|0x0000000095200000, 0x0000000095200000, 0x0000000095300000|  0%| F|  |TAMS 0x0000000095200000, 0x0000000095200000| Untracked 
| 339|0x0000000095300000, 0x0000000095300000, 0x0000000095400000|  0%| F|  |TAMS 0x0000000095300000, 0x0000000095300000| Untracked 
| 340|0x0000000095400000, 0x0000000095400000, 0x0000000095500000|  0%| F|  |TAMS 0x0000000095400000, 0x0000000095400000| Untracked 
| 341|0x0000000095500000, 0x0000000095500000, 0x0000000095600000|  0%| F|  |TAMS 0x0000000095500000, 0x0000000095500000| Untracked 
| 342|0x0000000095600000, 0x0000000095600000, 0x0000000095700000|  0%| F|  |TAMS 0x0000000095600000, 0x0000000095600000| Untracked 
| 343|0x0000000095700000, 0x0000000095700000, 0x0000000095800000|  0%| F|  |TAMS 0x0000000095700000, 0x0000000095700000| Untracked 
| 344|0x0000000095800000, 0x0000000095800000, 0x0000000095900000|  0%| F|  |TAMS 0x0000000095800000, 0x0000000095800000| Untracked 
| 345|0x0000000095900000, 0x0000000095900000, 0x0000000095a00000|  0%| F|  |TAMS 0x0000000095900000, 0x0000000095900000| Untracked 
| 346|0x0000000095a00000, 0x0000000095a00000, 0x0000000095b00000|  0%| F|  |TAMS 0x0000000095a00000, 0x0000000095a00000| Untracked 
| 347|0x0000000095b00000, 0x0000000095b00000, 0x0000000095c00000|  0%| F|  |TAMS 0x0000000095b00000, 0x0000000095b00000| Untracked 
| 348|0x0000000095c00000, 0x0000000095c00000, 0x0000000095d00000|  0%| F|  |TAMS 0x0000000095c00000, 0x0000000095c00000| Untracked 
| 349|0x0000000095d00000, 0x0000000095d00000, 0x0000000095e00000|  0%| F|  |TAMS 0x0000000095d00000, 0x0000000095d00000| Untracked 
| 350|0x0000000095e00000, 0x0000000095e00000, 0x0000000095f00000|  0%| F|  |TAMS 0x0000000095e00000, 0x0000000095e00000| Untracked 
| 351|0x0000000095f00000, 0x0000000095f00000, 0x0000000096000000|  0%| F|  |TAMS 0x0000000095f00000, 0x0000000095f00000| Untracked 
| 352|0x0000000096000000, 0x0000000096000000, 0x0000000096100000|  0%| F|  |TAMS 0x0000000096000000, 0x0000000096000000| Untracked 
| 353|0x0000000096100000, 0x00000000961dd760, 0x0000000096200000| 86%| E|  |TAMS 0x0000000096100000, 0x0000000096100000| Complete 
| 354|0x0000000096200000, 0x0000000096300000, 0x0000000096300000|100%| E|CS|TAMS 0x0000000096200000, 0x0000000096200000| Complete 
| 355|0x0000000096300000, 0x0000000096400000, 0x0000000096400000|100%| E|CS|TAMS 0x0000000096300000, 0x0000000096300000| Complete 
| 356|0x0000000096400000, 0x0000000096500000, 0x0000000096500000|100%| E|CS|TAMS 0x0000000096400000, 0x0000000096400000| Complete 
| 357|0x0000000096500000, 0x0000000096600000, 0x0000000096600000|100%| E|CS|TAMS 0x0000000096500000, 0x0000000096500000| Complete 
| 358|0x0000000096600000, 0x0000000096700000, 0x0000000096700000|100%| E|CS|TAMS 0x0000000096600000, 0x0000000096600000| Complete 
| 359|0x0000000096700000, 0x0000000096800000, 0x0000000096800000|100%| E|CS|TAMS 0x0000000096700000, 0x0000000096700000| Complete 
| 360|0x0000000096800000, 0x0000000096900000, 0x0000000096900000|100%| E|CS|TAMS 0x0000000096800000, 0x0000000096800000| Complete 
| 361|0x0000000096900000, 0x0000000096a00000, 0x0000000096a00000|100%| E|CS|TAMS 0x0000000096900000, 0x0000000096900000| Complete 
| 362|0x0000000096a00000, 0x0000000096b00000, 0x0000000096b00000|100%| E|CS|TAMS 0x0000000096a00000, 0x0000000096a00000| Complete 
| 363|0x0000000096b00000, 0x0000000096c00000, 0x0000000096c00000|100%| E|CS|TAMS 0x0000000096b00000, 0x0000000096b00000| Complete 
| 364|0x0000000096c00000, 0x0000000096d00000, 0x0000000096d00000|100%| E|CS|TAMS 0x0000000096c00000, 0x0000000096c00000| Complete 
| 365|0x0000000096d00000, 0x0000000096e00000, 0x0000000096e00000|100%| E|CS|TAMS 0x0000000096d00000, 0x0000000096d00000| Complete 
| 366|0x0000000096e00000, 0x0000000096f00000, 0x0000000096f00000|100%| E|CS|TAMS 0x0000000096e00000, 0x0000000096e00000| Complete 
| 367|0x0000000096f00000, 0x0000000097000000, 0x0000000097000000|100%| E|CS|TAMS 0x0000000096f00000, 0x0000000096f00000| Complete 
| 368|0x0000000097000000, 0x0000000097100000, 0x0000000097100000|100%| E|CS|TAMS 0x0000000097000000, 0x0000000097000000| Complete 
| 369|0x0000000097100000, 0x0000000097200000, 0x0000000097200000|100%| E|CS|TAMS 0x0000000097100000, 0x0000000097100000| Complete 
| 370|0x0000000097200000, 0x0000000097300000, 0x0000000097300000|100%| E|CS|TAMS 0x0000000097200000, 0x0000000097200000| Complete 
| 371|0x0000000097300000, 0x0000000097400000, 0x0000000097400000|100%| E|CS|TAMS 0x0000000097300000, 0x0000000097300000| Complete 
| 372|0x0000000097400000, 0x0000000097500000, 0x0000000097500000|100%| E|CS|TAMS 0x0000000097400000, 0x0000000097400000| Complete 
| 373|0x0000000097500000, 0x0000000097600000, 0x0000000097600000|100%| E|CS|TAMS 0x0000000097500000, 0x0000000097500000| Complete 
| 374|0x0000000097600000, 0x0000000097700000, 0x0000000097700000|100%| E|CS|TAMS 0x0000000097600000, 0x0000000097600000| Complete 
| 375|0x0000000097700000, 0x0000000097800000, 0x0000000097800000|100%| E|CS|TAMS 0x0000000097700000, 0x0000000097700000| Complete 
| 376|0x0000000097800000, 0x0000000097900000, 0x0000000097900000|100%| E|CS|TAMS 0x0000000097800000, 0x0000000097800000| Complete 
| 377|0x0000000097900000, 0x0000000097a00000, 0x0000000097a00000|100%| E|CS|TAMS 0x0000000097900000, 0x0000000097900000| Complete 
| 378|0x0000000097a00000, 0x0000000097b00000, 0x0000000097b00000|100%| E|CS|TAMS 0x0000000097a00000, 0x0000000097a00000| Complete 
| 379|0x0000000097b00000, 0x0000000097c00000, 0x0000000097c00000|100%| E|CS|TAMS 0x0000000097b00000, 0x0000000097b00000| Complete 
| 380|0x0000000097c00000, 0x0000000097d00000, 0x0000000097d00000|100%| E|CS|TAMS 0x0000000097c00000, 0x0000000097c00000| Complete 
| 381|0x0000000097d00000, 0x0000000097e00000, 0x0000000097e00000|100%| E|CS|TAMS 0x0000000097d00000, 0x0000000097d00000| Complete 
| 382|0x0000000097e00000, 0x0000000097f00000, 0x0000000097f00000|100%| E|CS|TAMS 0x0000000097e00000, 0x0000000097e00000| Complete 
| 383|0x0000000097f00000, 0x0000000098000000, 0x0000000098000000|100%| E|CS|TAMS 0x0000000097f00000, 0x0000000097f00000| Complete 
| 384|0x0000000098000000, 0x0000000098100000, 0x0000000098100000|100%| E|CS|TAMS 0x0000000098000000, 0x0000000098000000| Complete 
| 385|0x0000000098100000, 0x0000000098200000, 0x0000000098200000|100%| E|CS|TAMS 0x0000000098100000, 0x0000000098100000| Complete 
| 386|0x0000000098200000, 0x0000000098300000, 0x0000000098300000|100%| E|CS|TAMS 0x0000000098200000, 0x0000000098200000| Complete 
| 387|0x0000000098300000, 0x0000000098400000, 0x0000000098400000|100%| E|CS|TAMS 0x0000000098300000, 0x0000000098300000| Complete 
| 388|0x0000000098400000, 0x0000000098500000, 0x0000000098500000|100%| E|CS|TAMS 0x0000000098400000, 0x0000000098400000| Complete 
| 389|0x0000000098500000, 0x0000000098600000, 0x0000000098600000|100%| E|CS|TAMS 0x0000000098500000, 0x0000000098500000| Complete 
| 390|0x0000000098600000, 0x0000000098700000, 0x0000000098700000|100%| E|CS|TAMS 0x0000000098600000, 0x0000000098600000| Complete 
| 391|0x0000000098700000, 0x0000000098800000, 0x0000000098800000|100%| E|CS|TAMS 0x0000000098700000, 0x0000000098700000| Complete 
| 392|0x0000000098800000, 0x0000000098900000, 0x0000000098900000|100%| E|CS|TAMS 0x0000000098800000, 0x0000000098800000| Complete 
| 393|0x0000000098900000, 0x0000000098a00000, 0x0000000098a00000|100%| E|CS|TAMS 0x0000000098900000, 0x0000000098900000| Complete 
| 394|0x0000000098a00000, 0x0000000098b00000, 0x0000000098b00000|100%| E|CS|TAMS 0x0000000098a00000, 0x0000000098a00000| Complete 
| 395|0x0000000098b00000, 0x0000000098c00000, 0x0000000098c00000|100%| E|CS|TAMS 0x0000000098b00000, 0x0000000098b00000| Complete 
| 396|0x0000000098c00000, 0x0000000098d00000, 0x0000000098d00000|100%| E|CS|TAMS 0x0000000098c00000, 0x0000000098c00000| Complete 
| 397|0x0000000098d00000, 0x0000000098e00000, 0x0000000098e00000|100%| E|CS|TAMS 0x0000000098d00000, 0x0000000098d00000| Complete 
| 398|0x0000000098e00000, 0x0000000098f00000, 0x0000000098f00000|100%| E|CS|TAMS 0x0000000098e00000, 0x0000000098e00000| Complete 
| 399|0x0000000098f00000, 0x0000000099000000, 0x0000000099000000|100%| E|CS|TAMS 0x0000000098f00000, 0x0000000098f00000| Complete 
| 400|0x0000000099000000, 0x0000000099100000, 0x0000000099100000|100%| E|CS|TAMS 0x0000000099000000, 0x0000000099000000| Complete 
| 401|0x0000000099100000, 0x0000000099200000, 0x0000000099200000|100%| E|CS|TAMS 0x0000000099100000, 0x0000000099100000| Complete 
| 402|0x0000000099200000, 0x0000000099300000, 0x0000000099300000|100%| E|CS|TAMS 0x0000000099200000, 0x0000000099200000| Complete 
| 403|0x0000000099300000, 0x0000000099400000, 0x0000000099400000|100%| E|CS|TAMS 0x0000000099300000, 0x0000000099300000| Complete 
| 404|0x0000000099400000, 0x0000000099500000, 0x0000000099500000|100%| E|CS|TAMS 0x0000000099400000, 0x0000000099400000| Complete 
| 405|0x0000000099500000, 0x0000000099600000, 0x0000000099600000|100%| E|CS|TAMS 0x0000000099500000, 0x0000000099500000| Complete 
| 406|0x0000000099600000, 0x0000000099700000, 0x0000000099700000|100%| E|CS|TAMS 0x0000000099600000, 0x0000000099600000| Complete 
| 407|0x0000000099700000, 0x0000000099800000, 0x0000000099800000|100%| E|CS|TAMS 0x0000000099700000, 0x0000000099700000| Complete 
| 408|0x0000000099800000, 0x0000000099900000, 0x0000000099900000|100%| E|CS|TAMS 0x0000000099800000, 0x0000000099800000| Complete 
| 409|0x0000000099900000, 0x0000000099a00000, 0x0000000099a00000|100%| E|CS|TAMS 0x0000000099900000, 0x0000000099900000| Complete 
| 410|0x0000000099a00000, 0x0000000099b00000, 0x0000000099b00000|100%| E|CS|TAMS 0x0000000099a00000, 0x0000000099a00000| Complete 
| 411|0x0000000099b00000, 0x0000000099c00000, 0x0000000099c00000|100%| E|CS|TAMS 0x0000000099b00000, 0x0000000099b00000| Complete 
| 412|0x0000000099c00000, 0x0000000099d00000, 0x0000000099d00000|100%| E|CS|TAMS 0x0000000099c00000, 0x0000000099c00000| Complete 
| 413|0x0000000099d00000, 0x0000000099e00000, 0x0000000099e00000|100%| E|CS|TAMS 0x0000000099d00000, 0x0000000099d00000| Complete 
| 414|0x0000000099e00000, 0x0000000099f00000, 0x0000000099f00000|100%| E|CS|TAMS 0x0000000099e00000, 0x0000000099e00000| Complete 
| 415|0x0000000099f00000, 0x000000009a000000, 0x000000009a000000|100%| E|CS|TAMS 0x0000000099f00000, 0x0000000099f00000| Complete 
| 416|0x000000009a000000, 0x000000009a100000, 0x000000009a100000|100%| E|CS|TAMS 0x000000009a000000, 0x000000009a000000| Complete 
| 417|0x000000009a100000, 0x000000009a200000, 0x000000009a200000|100%| E|CS|TAMS 0x000000009a100000, 0x000000009a100000| Complete 
| 418|0x000000009a200000, 0x000000009a300000, 0x000000009a300000|100%| E|CS|TAMS 0x000000009a200000, 0x000000009a200000| Complete 
| 419|0x000000009a300000, 0x000000009a400000, 0x000000009a400000|100%| E|CS|TAMS 0x000000009a300000, 0x000000009a300000| Complete 
| 420|0x000000009a400000, 0x000000009a500000, 0x000000009a500000|100%| E|CS|TAMS 0x000000009a400000, 0x000000009a400000| Complete 
| 421|0x000000009a500000, 0x000000009a600000, 0x000000009a600000|100%| E|CS|TAMS 0x000000009a500000, 0x000000009a500000| Complete 
| 422|0x000000009a600000, 0x000000009a700000, 0x000000009a700000|100%| E|CS|TAMS 0x000000009a600000, 0x000000009a600000| Complete 
| 423|0x000000009a700000, 0x000000009a800000, 0x000000009a800000|100%| E|CS|TAMS 0x000000009a700000, 0x000000009a700000| Complete 
| 424|0x000000009a800000, 0x000000009a900000, 0x000000009a900000|100%| E|CS|TAMS 0x000000009a800000, 0x000000009a800000| Complete 
| 425|0x000000009a900000, 0x000000009aa00000, 0x000000009aa00000|100%| E|CS|TAMS 0x000000009a900000, 0x000000009a900000| Complete 
| 426|0x000000009aa00000, 0x000000009ab00000, 0x000000009ab00000|100%| E|CS|TAMS 0x000000009aa00000, 0x000000009aa00000| Complete 
| 427|0x000000009ab00000, 0x000000009ac00000, 0x000000009ac00000|100%| E|CS|TAMS 0x000000009ab00000, 0x000000009ab00000| Complete 
| 428|0x000000009ac00000, 0x000000009ad00000, 0x000000009ad00000|100%| E|CS|TAMS 0x000000009ac00000, 0x000000009ac00000| Complete 
| 429|0x000000009ad00000, 0x000000009ae00000, 0x000000009ae00000|100%| E|CS|TAMS 0x000000009ad00000, 0x000000009ad00000| Complete 
| 430|0x000000009ae00000, 0x000000009af00000, 0x000000009af00000|100%| E|CS|TAMS 0x000000009ae00000, 0x000000009ae00000| Complete 
| 431|0x000000009af00000, 0x000000009b000000, 0x000000009b000000|100%| E|CS|TAMS 0x000000009af00000, 0x000000009af00000| Complete 
| 432|0x000000009b000000, 0x000000009b100000, 0x000000009b100000|100%| E|CS|TAMS 0x000000009b000000, 0x000000009b000000| Complete 
| 433|0x000000009b100000, 0x000000009b200000, 0x000000009b200000|100%| E|CS|TAMS 0x000000009b100000, 0x000000009b100000| Complete 
| 434|0x000000009b200000, 0x000000009b300000, 0x000000009b300000|100%| E|CS|TAMS 0x000000009b200000, 0x000000009b200000| Complete 
| 435|0x000000009b300000, 0x000000009b400000, 0x000000009b400000|100%| E|CS|TAMS 0x000000009b300000, 0x000000009b300000| Complete 
| 436|0x000000009b400000, 0x000000009b500000, 0x000000009b500000|100%| E|CS|TAMS 0x000000009b400000, 0x000000009b400000| Complete 
| 497|0x000000009f100000, 0x000000009f200000, 0x000000009f200000|100%| E|CS|TAMS 0x000000009f100000, 0x000000009f100000| Complete 
| 498|0x000000009f200000, 0x000000009f300000, 0x000000009f300000|100%| E|CS|TAMS 0x000000009f200000, 0x000000009f200000| Complete 
| 499|0x000000009f300000, 0x000000009f400000, 0x000000009f400000|100%| E|CS|TAMS 0x000000009f300000, 0x000000009f300000| Complete 

Card table byte_map: [0x00000199d0b30000,0x00000199d0f30000] _byte_map_base: 0x00000199d0730000

Marking Bits (Prev, Next): (CMBitMap*) 0x00000199b9c3be00, (CMBitMap*) 0x00000199b9c3bdc0
 Prev Bits: [0x00000199d3330000, 0x00000199d5330000)
 Next Bits: [0x00000199d1330000, 0x00000199d3330000)

Polling page: 0x00000199b7940000

Metaspace:

Usage:
  Non-class:    138.01 MB used.
      Class:     19.53 MB used.
       Both:    157.54 MB used.

Virtual space:
  Non-class space:      192.00 MB reserved,     138.62 MB ( 72%) committed,  3 nodes.
      Class space:      416.00 MB reserved,      20.12 MB (  5%) committed,  1 nodes.
             Both:      608.00 MB reserved,     158.75 MB ( 26%) committed. 

Chunk freelists:
   Non-Class:  5.41 MB
       Class:  11.83 MB
        Both:  17.23 MB

MaxMetaspaceSize: 512.00 MB
CompressedClassSpaceSize: 416.00 MB
Initial GC threshold: 21.00 MB
Current GC threshold: 216.81 MB
CDS: on
MetaspaceReclaimPolicy: balanced
 - commit_granule_bytes: 65536.
 - commit_granule_words: 8192.
 - virtual_space_node_default_size: 8388608.
 - enlarge_chunks_in_place: 1.
 - new_chunks_are_fully_committed: 0.
 - uncommit_free_chunks: 1.
 - use_allocation_guard: 0.
 - handle_deallocations: 1.


Internal statistics:

num_allocs_failed_limit: 15.
num_arena_births: 1896.
num_arena_deaths: 2.
num_vsnodes_births: 4.
num_vsnodes_deaths: 0.
num_space_committed: 2538.
num_space_uncommitted: 0.
num_chunks_returned_to_freelist: 20.
num_chunks_taken_from_freelist: 8478.
num_chunk_merges: 15.
num_chunk_splits: 6027.
num_chunks_enlarged: 4408.
num_inconsistent_stats: 0.

CodeHeap 'non-profiled nmethods': size=120000Kb used=17091Kb max_used=17091Kb free=102908Kb
 bounds [0x00000199c9200000, 0x00000199ca2c0000, 0x00000199d0730000]
CodeHeap 'profiled nmethods': size=120000Kb used=54648Kb max_used=54648Kb free=65351Kb
 bounds [0x00000199c1730000, 0x00000199c4c90000, 0x00000199c8c60000]
CodeHeap 'non-nmethods': size=5760Kb used=2611Kb max_used=2676Kb free=3149Kb
 bounds [0x00000199c8c60000, 0x00000199c8f10000, 0x00000199c9200000]
 total_blobs=23393 nmethods=22226 adapters=1075
 compilation: enabled
              stopped_count=0, restarted_count=0
 full_count=0

Compilation events (20 events):
Event: 124.851 Thread 0x00000199d780f120 26919       3       org.jetbrains.org.objectweb.asm.tree.ClassNode::visitEnd (1 bytes)
Event: 124.851 Thread 0x00000199d780f120 nmethod 26919 0x00000199c4be6490 code [0x00000199c4be6620, 0x00000199c4be6738]
Event: 124.851 Thread 0x00000199d780f120 26920       3       org.jetbrains.org.objectweb.asm.SymbolTable::<init> (41 bytes)
Event: 124.851 Thread 0x00000199d780f120 nmethod 26920 0x00000199c4be6810 code [0x00000199c4be69e0, 0x00000199c4be6f58]
Event: 124.851 Thread 0x00000199d780f120 26922       3       org.jetbrains.org.objectweb.asm.SymbolTable::setMajorVersionAndClassName (19 bytes)
Event: 124.851 Thread 0x00000199d780f120 nmethod 26922 0x00000199c4be7090 code [0x00000199c4be7240, 0x00000199c4be7448]
Event: 124.851 Thread 0x00000199d780f120 26923       3       org.jetbrains.org.objectweb.asm.ClassWriter::visitSource (39 bytes)
Event: 124.852 Thread 0x00000199d780f120 nmethod 26923 0x00000199c4be7590 code [0x00000199c4be7760, 0x00000199c4be7bf8]
Event: 124.852 Thread 0x00000199d780f120 26924       3       org.jetbrains.org.objectweb.asm.ClassWriter::visitEnd (1 bytes)
Event: 124.852 Thread 0x00000199d780f120 nmethod 26924 0x00000199c4be7d90 code [0x00000199c4be7f20, 0x00000199c4be8038]
Event: 124.866 Thread 0x00000199d780f120 26925       3       java.util.TimSort::minRunLength (43 bytes)
Event: 124.867 Thread 0x00000199d780f120 nmethod 26925 0x00000199c4be8110 code [0x00000199c4be82c0, 0x00000199c4be8478]
Event: 124.880 Thread 0x00000199d780f120 26926       3       org.jetbrains.org.objectweb.asm.tree.AnnotationNode::accept (134 bytes)
Event: 124.880 Thread 0x00000199d780f120 nmethod 26926 0x00000199c4be8510 code [0x00000199c4be87c0, 0x00000199c4be9808]
Event: 124.906 Thread 0x00000199d780f120 26927       3       org.jetbrains.org.objectweb.asm.ClassReader::readLong (29 bytes)
Event: 124.906 Thread 0x00000199d780f120 nmethod 26927 0x00000199c4be9b90 code [0x00000199c4be9d40, 0x00000199c4be9ef8]
Event: 124.927 Thread 0x00000199d780f120 26929       3       org.jetbrains.kotlin.name.ClassId::asSingleFqName (60 bytes)
Event: 124.928 Thread 0x00000199d780f120 nmethod 26929 0x00000199c4bea010 code [0x00000199c4bea2a0, 0x00000199c4beace8]
Event: 124.938 Thread 0x00000199d780f120 26930       3       org.jetbrains.org.objectweb.asm.ClassWriter::<init> (73 bytes)
Event: 124.939 Thread 0x00000199d780f120 nmethod 26930 0x00000199c4beb110 code [0x00000199c4beb300, 0x00000199c4beb788]

GC Heap History (20 events):
Event: 68.760 GC heap before
{Heap before GC invocations=81 (full 0):
 garbage-first heap   total 512000K, used 430223K [0x0000000080000000, 0x0000000100000000)
  region size 1024K, 300 young (307200K), 3 survivors (3072K)
 Metaspace       used 131324K, committed 132096K, reserved 557056K
  class space    used 16689K, committed 17024K, reserved 425984K
}
Event: 68.775 GC heap after
{Heap after GC invocations=82 (full 0):
 garbage-first heap   total 512000K, used 126842K [0x0000000080000000, 0x0000000100000000)
  region size 1024K, 11 young (11264K), 11 survivors (11264K)
 Metaspace       used 131324K, committed 132096K, reserved 557056K
  class space    used 16689K, committed 17024K, reserved 425984K
}
Event: 70.274 GC heap before
{Heap before GC invocations=82 (full 0):
 garbage-first heap   total 512000K, used 266106K [0x0000000080000000, 0x0000000100000000)
  region size 1024K, 147 young (150528K), 11 survivors (11264K)
 Metaspace       used 132284K, committed 133056K, reserved 557056K
  class space    used 16728K, committed 17088K, reserved 425984K
}
Event: 70.296 GC heap after
{Heap after GC invocations=83 (full 0):
 garbage-first heap   total 512000K, used 131551K [0x0000000080000000, 0x0000000100000000)
  region size 1024K, 15 young (15360K), 15 survivors (15360K)
 Metaspace       used 132284K, committed 133056K, reserved 557056K
  class space    used 16728K, committed 17088K, reserved 425984K
}
Event: 74.606 GC heap before
{Heap before GC invocations=84 (full 0):
 garbage-first heap   total 450560K, used 390623K [0x0000000080000000, 0x0000000100000000)
  region size 1024K, 264 young (270336K), 15 survivors (15360K)
 Metaspace       used 142992K, committed 143872K, reserved 557056K
  class space    used 18252K, committed 18624K, reserved 425984K
}
Event: 74.629 GC heap after
{Heap after GC invocations=85 (full 0):
 garbage-first heap   total 450560K, used 139743K [0x0000000080000000, 0x0000000100000000)
  region size 1024K, 20 young (20480K), 20 survivors (20480K)
 Metaspace       used 142992K, committed 143872K, reserved 557056K
  class space    used 18252K, committed 18624K, reserved 425984K
}
Event: 74.647 GC heap before
{Heap before GC invocations=85 (full 0):
 garbage-first heap   total 450560K, used 141791K [0x0000000080000000, 0x0000000100000000)
  region size 1024K, 22 young (22528K), 20 survivors (20480K)
 Metaspace       used 142992K, committed 143872K, reserved 557056K
  class space    used 18252K, committed 18624K, reserved 425984K
}
Event: 74.667 GC heap after
{Heap after GC invocations=86 (full 0):
 garbage-first heap   total 450560K, used 139931K [0x0000000080000000, 0x0000000100000000)
  region size 1024K, 2 young (2048K), 2 survivors (2048K)
 Metaspace       used 142992K, committed 143872K, reserved 557056K
  class space    used 18252K, committed 18624K, reserved 425984K
}
Event: 78.580 GC heap before
{Heap before GC invocations=86 (full 0):
 garbage-first heap   total 450560K, used 378523K [0x0000000080000000, 0x0000000100000000)
  region size 1024K, 233 young (238592K), 2 survivors (2048K)
 Metaspace       used 148356K, committed 149440K, reserved 557056K
  class space    used 18738K, committed 19264K, reserved 425984K
}
Event: 78.603 GC heap after
{Heap after GC invocations=87 (full 0):
 garbage-first heap   total 450560K, used 155515K [0x0000000080000000, 0x0000000100000000)
  region size 1024K, 18 young (18432K), 18 survivors (18432K)
 Metaspace       used 148356K, committed 149440K, reserved 557056K
  class space    used 18738K, committed 19264K, reserved 425984K
}
Event: 81.958 GC heap before
{Heap before GC invocations=87 (full 0):
 garbage-first heap   total 450560K, used 372603K [0x0000000080000000, 0x0000000100000000)
  region size 1024K, 228 young (233472K), 18 survivors (18432K)
 Metaspace       used 149781K, committed 150912K, reserved 622592K
  class space    used 18780K, committed 19328K, reserved 425984K
}
Event: 81.976 GC heap after
{Heap after GC invocations=88 (full 0):
 garbage-first heap   total 450560K, used 155063K [0x0000000080000000, 0x0000000100000000)
  region size 1024K, 7 young (7168K), 7 survivors (7168K)
 Metaspace       used 149781K, committed 150912K, reserved 622592K
  class space    used 18780K, committed 19328K, reserved 425984K
}
Event: 87.763 GC heap before
{Heap before GC invocations=88 (full 0):
 garbage-first heap   total 450560K, used 375223K [0x0000000080000000, 0x0000000100000000)
  region size 1024K, 220 young (225280K), 7 survivors (7168K)
 Metaspace       used 150912K, committed 152064K, reserved 622592K
  class space    used 18795K, committed 19328K, reserved 425984K
}
Event: 87.784 GC heap after
{Heap after GC invocations=89 (full 0):
 garbage-first heap   total 450560K, used 156958K [0x0000000080000000, 0x0000000100000000)
  region size 1024K, 9 young (9216K), 9 survivors (9216K)
 Metaspace       used 150912K, committed 152064K, reserved 622592K
  class space    used 18795K, committed 19328K, reserved 425984K
}
Event: 106.005 GC heap before
{Heap before GC invocations=89 (full 0):
 garbage-first heap   total 450560K, used 377118K [0x0000000080000000, 0x0000000100000000)
  region size 1024K, 221 young (226304K), 9 survivors (9216K)
 Metaspace       used 156271K, committed 157440K, reserved 622592K
  class space    used 19575K, committed 20160K, reserved 425984K
}
Event: 106.049 GC heap after
{Heap after GC invocations=90 (full 0):
 garbage-first heap   total 450560K, used 153527K [0x0000000080000000, 0x0000000100000000)
  region size 1024K, 9 young (9216K), 9 survivors (9216K)
 Metaspace       used 156271K, committed 157440K, reserved 622592K
  class space    used 19575K, committed 20160K, reserved 425984K
}
Event: 117.557 GC heap before
{Heap before GC invocations=90 (full 0):
 garbage-first heap   total 450560K, used 374711K [0x0000000080000000, 0x0000000100000000)
  region size 1024K, 225 young (230400K), 9 survivors (9216K)
 Metaspace       used 156275K, committed 157440K, reserved 622592K
  class space    used 19576K, committed 20160K, reserved 425984K
}
Event: 117.596 GC heap after
{Heap after GC invocations=91 (full 0):
 garbage-first heap   total 450560K, used 155955K [0x0000000080000000, 0x0000000100000000)
  region size 1024K, 12 young (12288K), 12 survivors (12288K)
 Metaspace       used 156275K, committed 157440K, reserved 622592K
  class space    used 19576K, committed 20160K, reserved 425984K
}
Event: 124.638 GC heap before
{Heap before GC invocations=91 (full 0):
 garbage-first heap   total 450560K, used 382259K [0x0000000080000000, 0x0000000100000000)
  region size 1024K, 229 young (234496K), 12 survivors (12288K)
 Metaspace       used 160591K, committed 161856K, reserved 622592K
  class space    used 19933K, committed 20544K, reserved 425984K
}
Event: 124.673 GC heap after
{Heap after GC invocations=92 (full 0):
 garbage-first heap   total 450560K, used 155521K [0x0000000080000000, 0x0000000100000000)
  region size 1024K, 11 young (11264K), 11 survivors (11264K)
 Metaspace       used 160591K, committed 161856K, reserved 622592K
  class space    used 19933K, committed 20544K, reserved 425984K
}

Dll operation events (15 events):
Event: 0.015 Loaded shared library C:\Program Files\Microsoft\jdk-17.0.16.8-hotspot\bin\java.dll
Event: 0.035 Loaded shared library C:\Program Files\Microsoft\jdk-17.0.16.8-hotspot\bin\jsvml.dll
Event: 0.090 Loaded shared library C:\Program Files\Microsoft\jdk-17.0.16.8-hotspot\bin\zip.dll
Event: 0.094 Loaded shared library C:\Program Files\Microsoft\jdk-17.0.16.8-hotspot\bin\instrument.dll
Event: 0.098 Loaded shared library C:\Program Files\Microsoft\jdk-17.0.16.8-hotspot\bin\net.dll
Event: 0.100 Loaded shared library C:\Program Files\Microsoft\jdk-17.0.16.8-hotspot\bin\nio.dll
Event: 0.102 Loaded shared library C:\Program Files\Microsoft\jdk-17.0.16.8-hotspot\bin\zip.dll
Event: 0.465 Loaded shared library C:\Program Files\Microsoft\jdk-17.0.16.8-hotspot\bin\jimage.dll
Event: 0.747 Loaded shared library C:\Program Files\Microsoft\jdk-17.0.16.8-hotspot\bin\verify.dll
Event: 0.884 Loaded shared library C:\Users\11\.gradle\native\1def1411415f61bf3af743bc5b6707747c0891f09f0c88961ee8f79bc544acac\windows-amd64\native-platform.dll
Event: 0.904 Loaded shared library C:\Users\11\.gradle\native\0.2.7\x86_64-windows-gnu\gradle-fileevents.dll
Event: 2.200 Loaded shared library C:\Program Files\Microsoft\jdk-17.0.16.8-hotspot\bin\management.dll
Event: 2.203 Loaded shared library C:\Program Files\Microsoft\jdk-17.0.16.8-hotspot\bin\management_ext.dll
Event: 2.476 Loaded shared library C:\Program Files\Microsoft\jdk-17.0.16.8-hotspot\bin\extnet.dll
Event: 2.806 Loaded shared library C:\Program Files\Microsoft\jdk-17.0.16.8-hotspot\bin\sunmscapi.dll

Deoptimization events (20 events):
Event: 124.357 Thread 0x00000199fd671270 DEOPT PACKING pc=0x00000199ca29f37c sp=0x0000001571ffad20
Event: 124.357 Thread 0x00000199fd671270 DEOPT UNPACKING pc=0x00000199c8cba1a3 sp=0x0000001571ffaca8 mode 2
Event: 124.359 Thread 0x00000199fd671270 Uncommon trap: trap_request=0xffffff45 fr.pc=0x00000199ca29c340 relative=0x0000000000000420
Event: 124.359 Thread 0x00000199fd671270 Uncommon trap: reason=unstable_if action=reinterpret pc=0x00000199ca29c340 method=org.jetbrains.org.objectweb.asm.ClassReader.<init>([BIZ)V @ 322 c2
Event: 124.359 Thread 0x00000199fd671270 DEOPT PACKING pc=0x00000199ca29c340 sp=0x0000001571ffad20
Event: 124.359 Thread 0x00000199fd671270 DEOPT UNPACKING pc=0x00000199c8cba1a3 sp=0x0000001571ffaca0 mode 2
Event: 124.361 Thread 0x00000199fd671270 Uncommon trap: trap_request=0xffffff45 fr.pc=0x00000199ca2991e4 relative=0x00000000000013e4
Event: 124.361 Thread 0x00000199fd671270 Uncommon trap: reason=unstable_if action=reinterpret pc=0x00000199ca2991e4 method=org.jetbrains.org.objectweb.asm.SymbolTable.put(Lorg/jetbrains/org/objectweb/asm/SymbolTable$Entry;)Lorg/jetbrains/org/objectweb/asm/SymbolTable$Entry; @ 13 c2
Event: 124.361 Thread 0x00000199fd671270 DEOPT PACKING pc=0x00000199ca2991e4 sp=0x0000001571ffac00
Event: 124.361 Thread 0x00000199fd671270 DEOPT UNPACKING pc=0x00000199c8cba1a3 sp=0x0000001571ffab68 mode 2
Event: 124.390 Thread 0x00000199fd671270 DEOPT PACKING pc=0x00000199c4b2aaa1 sp=0x0000001571ffabc0
Event: 124.390 Thread 0x00000199fd671270 DEOPT UNPACKING pc=0x00000199c8cbace3 sp=0x0000001571ffa0d0 mode 0
Event: 124.403 Thread 0x00000199fd671270 Uncommon trap: trap_request=0xffffff45 fr.pc=0x00000199ca29b060 relative=0x00000000000002c0
Event: 124.403 Thread 0x00000199fd671270 Uncommon trap: reason=unstable_if action=reinterpret pc=0x00000199ca29b060 method=org.jetbrains.org.objectweb.asm.SymbolTable.put(Lorg/jetbrains/org/objectweb/asm/SymbolTable$Entry;)Lorg/jetbrains/org/objectweb/asm/SymbolTable$Entry; @ 13 c2
Event: 124.403 Thread 0x00000199fd671270 DEOPT PACKING pc=0x00000199ca29b060 sp=0x0000001571ffac70
Event: 124.403 Thread 0x00000199fd671270 DEOPT UNPACKING pc=0x00000199c8cba1a3 sp=0x0000001571ffabf0 mode 2
Event: 124.404 Thread 0x00000199fd671270 DEOPT PACKING pc=0x00000199c4b2aaa1 sp=0x0000001571ffabf0
Event: 124.404 Thread 0x00000199fd671270 DEOPT UNPACKING pc=0x00000199c8cbace3 sp=0x0000001571ffa100 mode 0
Event: 124.416 Thread 0x00000199fd671270 DEOPT PACKING pc=0x00000199c4b2aaa1 sp=0x0000001571ffabd0
Event: 124.416 Thread 0x00000199fd671270 DEOPT UNPACKING pc=0x00000199c8cbace3 sp=0x0000001571ffa0e0 mode 0

Classes loaded (20 events):
Event: 97.611 Loading class java/util/stream/ReferencePipeline$15$1
Event: 97.611 Loading class java/util/stream/ReferencePipeline$15$1 done
Event: 97.826 Loading class java/lang/ProcessImpl
Event: 97.828 Loading class java/lang/ProcessImpl done
Event: 97.845 Loading class java/lang/ProcessHandleImpl
Event: 97.847 Loading class java/lang/ProcessHandleImpl done
Event: 97.850 Loading class java/lang/ProcessImpl$2
Event: 97.850 Loading class java/lang/ProcessImpl$2 done
Event: 97.850 Loading class java/lang/Process$PipeInputStream
Event: 97.854 Loading class java/lang/Process$PipeInputStream done
Event: 97.858 Loading class jdk/internal/event/ProcessStartEvent
Event: 97.859 Loading class jdk/internal/event/ProcessStartEvent done
Event: 99.161 Loading class java/util/stream/ReduceOps$6
Event: 99.162 Loading class java/util/stream/ReduceOps$6 done
Event: 99.162 Loading class java/util/stream/ReduceOps$5ReducingSink
Event: 99.162 Loading class java/util/stream/ReduceOps$5ReducingSink done
Event: 121.891 Loading class java/rmi/RemoteException
Event: 121.892 Loading class java/rmi/RemoteException done
Event: 122.678 Loading class java/util/zip/DataFormatException
Event: 122.679 Loading class java/util/zip/DataFormatException done

Classes unloaded (3 events):
Event: 36.091 Thread 0x00000199d77e0080 Unloading class 0x00000199d9535000 '_BuildScript_$_run_closure2'
Event: 36.091 Thread 0x00000199d77e0080 Unloading class 0x00000199d9534c00 '_BuildScript_$_run_closure1'
Event: 36.091 Thread 0x00000199d77e0080 Unloading class 0x00000199d9534000 '_BuildScript_'

Classes redefined (0 events):
No events

Internal exceptions (20 events):
Event: 97.647 Thread 0x000001998c2b88a0 Implicit null exception at 0x00000199c94686dd to 0x00000199c9468778
Event: 97.647 Thread 0x000001998c2b88a0 Implicit null exception at 0x00000199c9f11bbe to 0x00000199c9f12304
Event: 97.844 Thread 0x00000199fd6726b0 Exception <a 'java/lang/NoSuchMethodError'{0x0000000094b10648}: 'void java.lang.invoke.DirectMethodHandle$Holder.invokeStatic(java.lang.Object, long)'> (0x0000000094b10648) 
thrown [s\src\hotspot\share\interpreter\linkResolver.cpp, line 759]
Event: 97.849 Thread 0x00000199fd6726b0 Exception <a 'java/lang/NoSuchMethodError'{0x0000000094b1b450}: 'java.lang.Object java.lang.invoke.DirectMethodHandle$Holder.invokeStatic(java.lang.Object, java.lang.Object, long, java.lang.Object)'> (0x0000000094b1b450) 
thrown [s\src\hotspot\share\interpreter\linkResolver.cpp, line 759]
Event: 97.849 Thread 0x00000199fd6726b0 Exception <a 'java/lang/NoSuchMethodError'{0x0000000094b1ec28}: 'java.lang.Object java.lang.invoke.DirectMethodHandle$Holder.invokeStaticInit(java.lang.Object, java.lang.Object, long, java.lang.Object)'> (0x0000000094b1ec28) 
thrown [s\src\hotspot\share\interpreter\linkResolver.cpp, line 759]
Event: 98.117 Thread 0x00000199fd6726b0 Exception <a 'java/lang/NoSuchMethodError'{0x0000000094b32698}: 'void java.lang.invoke.DirectMethodHandle$Holder.invokeSpecial(java.lang.Object, java.lang.Object, int)'> (0x0000000094b32698) 
thrown [s\src\hotspot\share\interpreter\linkResolver.cpp, line 759]
Event: 98.280 Thread 0x00000199f8ad7060 Exception <a 'java/lang/NoSuchMethodError'{0x000000009499bea8}: 'int java.lang.invoke.DirectMethodHandle$Holder.invokeSpecialIFC(java.lang.Object, java.lang.Object, java.lang.Object, java.lang.Object, java.lang.Object)'> (0x000000009499bea8) 
thrown [s\src\hotspot\share\interpreter\linkResolver.cpp, line 759]
Event: 98.514 Thread 0x00000199f8ad7060 Exception <a 'java/lang/IncompatibleClassChangeError'{0x00000000945080a8}: Found class java.lang.Object, but interface was expected> (0x00000000945080a8) 
thrown [s\src\hotspot\share\interpreter\linkResolver.cpp, line 826]
Event: 98.676 Thread 0x000001998c2b50f0 Exception <a 'java/lang/NoSuchMethodError'{0x0000000094238d58}: 'java.lang.Object java.lang.invoke.DirectMethodHandle$Holder.newInvokeSpecial(java.lang.Object, java.lang.Object, int, java.lang.Object, java.lang.Object)'> (0x0000000094238d58) 
thrown [s\src\hotspot\share\interpreter\linkResolver.cpp, line 759]
Event: 98.676 Thread 0x000001998c2b50f0 Exception <a 'java/lang/NoSuchMethodError'{0x000000009423ccd8}: 'java.lang.Object java.lang.invoke.Invokers$Holder.linkToTargetMethod(java.lang.Object, int, java.lang.Object, java.lang.Object, java.lang.Object)'> (0x000000009423ccd8) 
thrown [s\src\hotspot\share\interpreter\linkResolver.cpp, line 759]
Event: 98.944 Thread 0x000001998c5f5d70 Exception <a 'java/lang/NoSuchMethodError'{0x00000000941204c0}: 'void java.lang.invoke.DirectMethodHandle$Holder.invokeSpecial(java.lang.Object, java.lang.Object, java.lang.Object, java.lang.Object, int, java.lang.Object, java.lang.Object)'> (0x00000000941204c0) 
thrown [s\src\hotspot\share\interpreter\linkResolver.cpp, line 759]
Event: 99.062 Thread 0x00000199fbbdeff0 Implicit null exception at 0x00000199ca0245a9 to 0x00000199ca0255fc
Event: 99.130 Thread 0x00000199fd672bc0 Implicit null exception at 0x00000199ca01f804 to 0x00000199ca0205b6
Event: 99.881 Thread 0x000001998c2b50f0 Exception <a 'java/lang/NoSuchMethodError'{0x00000000934692e8}: static Ljava/lang/Object;.<clinit>()V> (0x00000000934692e8) 
thrown [s\src\hotspot\share\prims\jni.cpp, line 1112]
Event: 121.973 Thread 0x000001998c37b2a0 Exception <a 'java/lang/NoSuchMethodError'{0x0000000090d2bd38}: 'int java.lang.invoke.DirectMethodHandle$Holder.invokeStaticInit(java.lang.Object, java.lang.Object, int)'> (0x0000000090d2bd38) 
thrown [s\src\hotspot\share\interpreter\linkResolver.cpp, line 759]
Event: 122.678 Thread 0x000001998c37b2a0 Exception <a 'java/io/IOException'{0x0000000090599ae8}> (0x0000000090599ae8) 
thrown [s\src\hotspot\share\prims\jni.cpp, line 516]
Event: 122.943 Thread 0x000001998c37b2a0 Exception <a 'java/lang/NoClassDefFoundError'{0x000000009059c188}: org/jetbrains/kotlin/resolve/jvm/JvmClassName> (0x000000009059c188) 
thrown [s\src\hotspot\share\classfile\systemDictionary.cpp, line 245]
Event: 123.575 Thread 0x000001998c37b2a0 Exception <a 'java/lang/NoSuchMethodError'{0x000000009039ab70}: 'int java.lang.invoke.DirectMethodHandle$Holder.invokeStatic(java.lang.Object, java.lang.Object, int, int)'> (0x000000009039ab70) 
thrown [s\src\hotspot\share\interpreter\linkResolver.cpp, line 759]
Event: 123.576 Thread 0x000001998c2b50f0 Exception <a 'java/lang/NoSuchMethodError'{0x00000000903eb850}: 'int java.lang.invoke.DirectMethodHandle$Holder.invokeStatic(java.lang.Object, java.lang.Object, int, int)'> (0x00000000903eb850) 
thrown [s\src\hotspot\share\interpreter\linkResolver.cpp, line 759]
Event: 123.588 Thread 0x00000199fd671270 Exception <a 'java/lang/NoSuchMethodError'{0x000000009023dda8}: 'int java.lang.invoke.DirectMethodHandle$Holder.invokeStatic(java.lang.Object, java.lang.Object, int, int)'> (0x000000009023dda8) 
thrown [s\src\hotspot\share\interpreter\linkResolver.cpp, line 759]

VM Operations (20 events):
Event: 117.556 Executing VM operation: G1CollectForAllocation
Event: 117.596 Executing VM operation: G1CollectForAllocation done
Event: 120.161 Executing VM operation: HandshakeAllThreads
Event: 120.210 Executing VM operation: HandshakeAllThreads done
Event: 120.210 Executing VM operation: Cleanup
Event: 120.221 Executing VM operation: Cleanup done
Event: 121.236 Executing VM operation: Cleanup
Event: 121.244 Executing VM operation: Cleanup done
Event: 122.256 Executing VM operation: Cleanup
Event: 122.370 Executing VM operation: Cleanup done
Event: 122.904 Executing VM operation: HandshakeAllThreads
Event: 122.904 Executing VM operation: HandshakeAllThreads done
Event: 123.598 Executing VM operation: HandshakeAllThreads
Event: 123.598 Executing VM operation: HandshakeAllThreads done
Event: 123.598 Executing VM operation: Cleanup
Event: 123.598 Executing VM operation: Cleanup done
Event: 124.600 Executing VM operation: Cleanup
Event: 124.600 Executing VM operation: Cleanup done
Event: 124.638 Executing VM operation: G1CollectForAllocation
Event: 124.673 Executing VM operation: G1CollectForAllocation done

Memory protections (0 events):
No events

Nmethod flushes (20 events):
Event: 84.944 Thread 0x00000199d781c460 flushing  nmethod 0x00000199c3b2eb90
Event: 84.945 Thread 0x00000199d781c460 flushing  nmethod 0x00000199c3c47990
Event: 84.946 Thread 0x00000199d781c460 flushing  nmethod 0x00000199c3e2fc10
Event: 84.946 Thread 0x00000199d781c460 flushing  nmethod 0x00000199c3e9be10
Event: 84.948 Thread 0x00000199d781c460 flushing  nmethod 0x00000199c408c290
Event: 84.949 Thread 0x00000199d781c460 flushing  nmethod 0x00000199c422e210
Event: 84.949 Thread 0x00000199d781c460 flushing  nmethod 0x00000199c4265b90
Event: 95.998 Thread 0x00000199d781c460 flushing  nmethod 0x00000199ca029e10
Event: 96.000 Thread 0x00000199d781c460 flushing  nmethod 0x00000199c1759510
Event: 96.007 Thread 0x00000199d781c460 flushing  nmethod 0x00000199c1acdd10
Event: 96.010 Thread 0x00000199d781c460 flushing  nmethod 0x00000199c1c4a410
Event: 96.011 Thread 0x00000199d781c460 flushing  nmethod 0x00000199c1c8f690
Event: 96.017 Thread 0x00000199d781c460 flushing  nmethod 0x00000199c1f59a90
Event: 96.017 Thread 0x00000199d781c460 flushing  nmethod 0x00000199c1f5d690
Event: 96.019 Thread 0x00000199d781c460 flushing  nmethod 0x00000199c1fde990
Event: 96.021 Thread 0x00000199d781c460 flushing  nmethod 0x00000199c20dfb90
Event: 96.021 Thread 0x00000199d781c460 flushing  nmethod 0x00000199c20e0b90
Event: 96.039 Thread 0x00000199d781c460 flushing  nmethod 0x00000199c2b47810
Event: 96.040 Thread 0x00000199d781c460 flushing  nmethod 0x00000199c2bf0a10
Event: 96.046 Thread 0x00000199d781c460 flushing  nmethod 0x00000199c2f08410

Events (20 events):
Event: 97.627 Thread 0x000001998c1dd7b0 Thread added: 0x000001998c2b88a0
Event: 97.649 Thread 0x000001998c1dd7b0 Thread added: 0x000001998c2b6f50
Event: 97.796 Thread 0x000001998c1dd7b0 Thread added: 0x00000199fd6726b0
Event: 97.860 Thread 0x00000199fd6726b0 Thread added: 0x000001998c1ddcc0
Event: 97.861 Thread 0x00000199fd6726b0 Thread added: 0x00000199fcba1970
Event: 98.124 Thread 0x00000199fa17e760 Thread exited: 0x00000199fa17e760
Event: 98.654 Thread 0x00000199f8ad7060 Thread added: 0x000001998c2b50f0
Event: 98.687 Thread 0x000001998c2b50f0 Thread added: 0x000001998c5f6790
Event: 98.687 Thread 0x000001998c2b50f0 Thread added: 0x000001998c5f5d70
Event: 98.687 Thread 0x000001998c2b50f0 Thread added: 0x000001998c5f71b0
Event: 98.780 Thread 0x000001998c2b50f0 Thread added: 0x00000199fd672bc0
Event: 99.757 Thread 0x000001998c2b50f0 Thread added: 0x000001998c7ab9a0
Event: 99.757 Thread 0x000001998c2b50f0 Thread added: 0x000001998c7ac3c0
Event: 99.758 Thread 0x000001998c2b50f0 Thread added: 0x000001998c7aaf80
Event: 99.863 Thread 0x000001998c2b50f0 Thread added: 0x00000199f8c898b0
Event: 99.865 Thread 0x000001998c2b50f0 Thread added: 0x00000199f8c87f60
Event: 99.865 Thread 0x000001998c2b50f0 Thread added: 0x000001998c37c1d0
Event: 119.917 Thread 0x000001998c2b50f0 Thread added: 0x000001998c5f76c0
Event: 119.925 Thread 0x000001998c2b50f0 Thread added: 0x000001998c37b2a0
Event: 119.949 Thread 0x000001998c2b50f0 Thread added: 0x00000199fd671270


Dynamic libraries:
0x00007ff620770000 - 0x00007ff62077e000 	C:\Program Files\Microsoft\jdk-17.0.16.8-hotspot\bin\java.exe
0x00007ffc3d260000 - 0x00007ffc3d4c8000 	C:\WINDOWS\SYSTEM32\ntdll.dll
0x00007ffc3c1c0000 - 0x00007ffc3c289000 	C:\WINDOWS\System32\KERNEL32.DLL
0x00007ffc3a4a0000 - 0x00007ffc3a892000 	C:\WINDOWS\System32\KERNELBASE.dll
0x00007ffc3ab80000 - 0x00007ffc3accb000 	C:\WINDOWS\System32\ucrtbase.dll
0x00007ffc0fdc0000 - 0x00007ffc0fdde000 	C:\Program Files\Microsoft\jdk-17.0.16.8-hotspot\bin\VCRUNTIME140.dll
0x00007ffc0fb70000 - 0x00007ffc0fb88000 	C:\Program Files\Microsoft\jdk-17.0.16.8-hotspot\bin\jli.dll
0x00007ffc3ccf0000 - 0x00007ffc3ceb5000 	C:\WINDOWS\System32\USER32.dll
0x00007ffc3a9d0000 - 0x00007ffc3a9f7000 	C:\WINDOWS\System32\win32u.dll
0x00007ffc3d090000 - 0x00007ffc3d0bb000 	C:\WINDOWS\System32\GDI32.dll
0x00007ffc1f9b0000 - 0x00007ffc1fc43000 	C:\WINDOWS\WinSxS\amd64_microsoft.windows.common-controls_6595b64144ccf1df_6.0.26100.6899_none_3e0efeeae32e88c1\COMCTL32.dll
0x00007ffc3a8a0000 - 0x00007ffc3a9cd000 	C:\WINDOWS\System32\gdi32full.dll
0x00007ffc3cfe0000 - 0x00007ffc3d089000 	C:\WINDOWS\System32\msvcrt.dll
0x00007ffc3a3f0000 - 0x00007ffc3a493000 	C:\WINDOWS\System32\msvcp_win.dll
0x00007ffc3bc70000 - 0x00007ffc3bc9f000 	C:\WINDOWS\System32\IMM32.DLL
0x00007ffc11430000 - 0x00007ffc1143c000 	C:\Program Files\Microsoft\jdk-17.0.16.8-hotspot\bin\vcruntime140_1.dll
0x00007ffbb5110000 - 0x00007ffbb5199000 	C:\Program Files\Microsoft\jdk-17.0.16.8-hotspot\bin\msvcp140.dll
0x00007ffbb33b0000 - 0x00007ffbb402a000 	C:\Program Files\Microsoft\jdk-17.0.16.8-hotspot\bin\server\jvm.dll
0x00007ffc3c300000 - 0x00007ffc3c3b4000 	C:\WINDOWS\System32\ADVAPI32.dll
0x00007ffc3b030000 - 0x00007ffc3b0d6000 	C:\WINDOWS\System32\sechost.dll
0x00007ffc3c450000 - 0x00007ffc3c568000 	C:\WINDOWS\System32\RPCRT4.dll
0x00007ffc3c3c0000 - 0x00007ffc3c434000 	C:\WINDOWS\System32\WS2_32.dll
0x00007ffc3a270000 - 0x00007ffc3a2ce000 	C:\WINDOWS\SYSTEM32\POWRPROF.dll
0x00007ffc321f0000 - 0x00007ffc32225000 	C:\WINDOWS\SYSTEM32\WINMM.dll
0x00007ffc29980000 - 0x00007ffc2998b000 	C:\WINDOWS\SYSTEM32\VERSION.dll
0x00007ffc3a250000 - 0x00007ffc3a264000 	C:\WINDOWS\SYSTEM32\UMPDC.dll
0x00007ffc391c0000 - 0x00007ffc391db000 	C:\WINDOWS\SYSTEM32\kernel.appcore.dll
0x00007ffc0ed80000 - 0x00007ffc0ed8a000 	C:\Program Files\Microsoft\jdk-17.0.16.8-hotspot\bin\jimage.dll
0x00007ffc37a70000 - 0x00007ffc37cb2000 	C:\WINDOWS\SYSTEM32\DBGHELP.DLL
0x00007ffc3c970000 - 0x00007ffc3cceb000 	C:\WINDOWS\System32\combase.dll
0x00007ffc3ba80000 - 0x00007ffc3bb57000 	C:\WINDOWS\System32\OLEAUT32.dll
0x00007ffc17390000 - 0x00007ffc173cc000 	C:\WINDOWS\SYSTEM32\dbgcore.DLL
0x00007ffc3acd0000 - 0x00007ffc3ad68000 	C:\WINDOWS\System32\bcryptPrimitives.dll
0x00007ffc34c50000 - 0x00007ffc34c5f000 	C:\Program Files\Microsoft\jdk-17.0.16.8-hotspot\bin\instrument.dll
0x00007ffc05380000 - 0x00007ffc053a6000 	C:\Program Files\Microsoft\jdk-17.0.16.8-hotspot\bin\java.dll
0x00007ffbb32d0000 - 0x00007ffbb33a6000 	C:\Program Files\Microsoft\jdk-17.0.16.8-hotspot\bin\jsvml.dll
0x00007ffc3b160000 - 0x00007ffc3b8ad000 	C:\WINDOWS\System32\SHELL32.dll
0x00007ffc3aec0000 - 0x00007ffc3b02b000 	C:\WINDOWS\System32\wintypes.dll
0x00007ffc38020000 - 0x00007ffc3887d000 	C:\WINDOWS\SYSTEM32\windows.storage.dll
0x00007ffc3c7f0000 - 0x00007ffc3c8e2000 	C:\WINDOWS\System32\SHCORE.dll
0x00007ffc3b0e0000 - 0x00007ffc3b142000 	C:\WINDOWS\System32\shlwapi.dll
0x00007ffc3a310000 - 0x00007ffc3a339000 	C:\WINDOWS\SYSTEM32\profapi.dll
0x00007ffbc9990000 - 0x00007ffbc99a8000 	C:\Program Files\Microsoft\jdk-17.0.16.8-hotspot\bin\zip.dll
0x00007ffbe31c0000 - 0x00007ffbe31db000 	C:\Program Files\Microsoft\jdk-17.0.16.8-hotspot\bin\net.dll
0x00007ffc297e0000 - 0x00007ffc298ff000 	C:\WINDOWS\SYSTEM32\WINHTTP.dll
0x00007ffc39730000 - 0x00007ffc3979b000 	C:\WINDOWS\system32\mswsock.dll
0x00007ffbd4fe0000 - 0x00007ffbd4ff6000 	C:\Program Files\Microsoft\jdk-17.0.16.8-hotspot\bin\nio.dll
0x00007ffc0ed70000 - 0x00007ffc0ed80000 	C:\Program Files\Microsoft\jdk-17.0.16.8-hotspot\bin\verify.dll
0x00007ffc34c70000 - 0x00007ffc34c97000 	C:\Users\11\.gradle\native\1def1411415f61bf3af743bc5b6707747c0891f09f0c88961ee8f79bc544acac\windows-amd64\native-platform.dll
0x00007ffbfe0e0000 - 0x00007ffbfe158000 	C:\Users\11\.gradle\native\0.2.7\x86_64-windows-gnu\gradle-fileevents.dll
0x00007ffc34cb0000 - 0x00007ffc34cba000 	C:\Program Files\Microsoft\jdk-17.0.16.8-hotspot\bin\management.dll
0x00007ffc34ca0000 - 0x00007ffc34cac000 	C:\Program Files\Microsoft\jdk-17.0.16.8-hotspot\bin\management_ext.dll
0x00007ffc3c570000 - 0x00007ffc3c578000 	C:\WINDOWS\System32\PSAPI.DLL
0x00007ffc38c50000 - 0x00007ffc38c84000 	C:\WINDOWS\SYSTEM32\IPHLPAPI.DLL
0x00007ffc3c440000 - 0x00007ffc3c44a000 	C:\WINDOWS\System32\NSI.dll
0x00007ffc31f70000 - 0x00007ffc31f8e000 	C:\WINDOWS\SYSTEM32\dhcpcsvc6.DLL
0x00007ffc2da70000 - 0x00007ffc2da93000 	C:\WINDOWS\SYSTEM32\dhcpcsvc.DLL
0x00007ffc38c90000 - 0x00007ffc38db6000 	C:\WINDOWS\SYSTEM32\DNSAPI.dll
0x00007ffbfe0a0000 - 0x00007ffbfe0a9000 	C:\Program Files\Microsoft\jdk-17.0.16.8-hotspot\bin\extnet.dll
0x00007ffc399f0000 - 0x00007ffc39a0b000 	C:\WINDOWS\SYSTEM32\CRYPTSP.dll
0x00007ffc39120000 - 0x00007ffc3915b000 	C:\WINDOWS\system32\rsaenh.dll
0x00007ffc397d0000 - 0x00007ffc397fb000 	C:\WINDOWS\SYSTEM32\USERENV.dll
0x00007ffc3a2e0000 - 0x00007ffc3a306000 	C:\WINDOWS\SYSTEM32\bcrypt.dll
0x00007ffc399e0000 - 0x00007ffc399ec000 	C:\WINDOWS\SYSTEM32\CRYPTBASE.dll
0x00007ffc08630000 - 0x00007ffc0863e000 	C:\Program Files\Microsoft\jdk-17.0.16.8-hotspot\bin\sunmscapi.dll
0x00007ffc3aa00000 - 0x00007ffc3ab77000 	C:\WINDOWS\System32\CRYPT32.dll
0x00007ffc39c00000 - 0x00007ffc39c30000 	C:\WINDOWS\SYSTEM32\ncrypt.dll
0x00007ffc39bb0000 - 0x00007ffc39bef000 	C:\WINDOWS\SYSTEM32\NTASN1.dll
0x00007ffc0fd60000 - 0x00007ffc0fd68000 	C:\WINDOWS\system32\wshunix.dll

dbghelp: loaded successfully - version: 4.0.5 - missing functions: none
symbol engine: initialized successfully - sym options: 0x614 - pdb path: .;C:\Program Files\Microsoft\jdk-17.0.16.8-hotspot\bin;C:\WINDOWS\SYSTEM32;C:\WINDOWS\WinSxS\amd64_microsoft.windows.common-controls_6595b64144ccf1df_6.0.26100.6899_none_3e0efeeae32e88c1;C:\Program Files\Microsoft\jdk-17.0.16.8-hotspot\bin\server;C:\Users\11\.gradle\native\1def1411415f61bf3af743bc5b6707747c0891f09f0c88961ee8f79bc544acac\windows-amd64;C:\Users\11\.gradle\native\0.2.7\x86_64-windows-gnu

VM Arguments:
jvm_args: --add-opens=java.base/java.lang=ALL-UNNAMED --add-opens=java.base/java.lang.invoke=ALL-UNNAMED --add-opens=java.base/java.util=ALL-UNNAMED --add-opens=java.prefs/java.util.prefs=ALL-UNNAMED --add-exports=jdk.compiler/com.sun.tools.javac.api=ALL-UNNAMED --add-exports=jdk.compiler/com.sun.tools.javac.util=ALL-UNNAMED --add-opens=java.base/java.util=ALL-UNNAMED --add-opens=java.prefs/java.util.prefs=ALL-UNNAMED --add-opens=java.base/java.nio.charset=ALL-UNNAMED --add-opens=java.base/java.net=ALL-UNNAMED --add-opens=java.base/java.util.concurrent.atomic=ALL-UNNAMED --add-opens=java.xml/javax.xml.namespace=ALL-UNNAMED -XX:MaxMetaspaceSize=512m -Xmx2048m -Dfile.encoding=windows-1252 -Duser.country=US -Duser.language=en -Duser.variant -javaagent:C:\Users\11\.gradle\wrapper\dists\gradle-8.14.3-bin\cv11ve7ro1n3o1j4so8xd9n66\gradle-8.14.3\lib\agents\gradle-instrumentation-agent-8.14.3.jar 
java_command: org.gradle.launcher.daemon.bootstrap.GradleDaemon 8.14.3
java_class_path (initial): C:\Users\11\.gradle\wrapper\dists\gradle-8.14.3-bin\cv11ve7ro1n3o1j4so8xd9n66\gradle-8.14.3\lib\gradle-daemon-main-8.14.3.jar
Launcher Type: SUN_STANDARD

[Global flags]
     intx CICompilerCount                          = 3                                         {product} {ergonomic}
   size_t CompressedClassSpaceSize                 = 436207616                                 {product} {ergonomic}
     uint ConcGCThreads                            = 1                                         {product} {ergonomic}
     uint G1ConcRefinementThreads                  = 4                                         {product} {ergonomic}
   size_t G1HeapRegionSize                         = 1048576                                   {product} {ergonomic}
    uintx GCDrainStackTargetSize                   = 64                                        {product} {ergonomic}
   size_t InitialHeapSize                          = 130023424                                 {product} {ergonomic}
   size_t MarkStackSize                            = 4194304                                   {product} {ergonomic}
   size_t MaxHeapSize                              = 2147483648                                {product} {command line}
   size_t MaxMetaspaceSize                         = 536870912                                 {product} {command line}
   size_t MaxNewSize                               = 1287651328                                {product} {ergonomic}
   size_t MinHeapDeltaBytes                        = 1048576                                   {product} {ergonomic}
   size_t MinHeapSize                              = 8388608                                   {product} {ergonomic}
    uintx NonNMethodCodeHeapSize                   = 5832780                                {pd product} {ergonomic}
    uintx NonProfiledCodeHeapSize                  = 122912730                              {pd product} {ergonomic}
    uintx ProfiledCodeHeapSize                     = 122912730                              {pd product} {ergonomic}
    uintx ReservedCodeCacheSize                    = 251658240                              {pd product} {ergonomic}
     bool SegmentedCodeCache                       = true                                      {product} {ergonomic}
   size_t SoftMaxHeapSize                          = 2147483648                             {manageable} {ergonomic}
     bool UseCompressedClassPointers               = true                           {product lp64_product} {ergonomic}
     bool UseCompressedOops                        = true                           {product lp64_product} {ergonomic}
     bool UseG1GC                                  = true                                      {product} {ergonomic}
     bool UseLargePagesIndividualAllocation        = false                                  {pd product} {ergonomic}

Logging:
Log output configuration:
 #0: stdout all=warning uptime,level,tags
 #1: stderr all=off uptime,level,tags

Environment Variables:
JAVA_HOME=C:\Program Files\Microsoft\jdk-17.0.16.8-hotspot
PATH=D:\Habit\Htwo\node_modules\.bin;D:\Habit\Htwo\node_modules\.bin;D:\Habit\node_modules\.bin;D:\node_modules\.bin;C:\Users\11\AppData\Roaming\npm\node_modules\npm\node_modules\@npmcli\run-script\lib\node-gyp-bin;C:\Program Files\Common Files\Oracle\Java\javapath;C:\Program Files\Microsoft\jdk-17.0.16.8-hotspot\bin;C:\Program Files\Microsoft\jdk-17.0.16.8-hotspot\bin;C:\WINDOWS\system32;C:\WINDOWS;C:\WINDOWS\System32\Wbem;C:\WINDOWS\System32\WindowsPowerShell\v1.0\;C:\WINDOWS\System32\OpenSSH\;C:\ProgramData\chocolatey\bin;C:\Program Files\nodejs\;C:\Program Files\Java\jdk-25\bin;C:\Program Files\Git\cmd;C:\Users\11\AppData\Local\Android\Sdk\platform-tools;C:\Users\11\AppData\Local\Android\Sdk\platforms;C:\Users\11\AppData\Local\Android\Sdk;C:\Users\11\AppData\Local\Android\Sdk\emulator;C:\Users\11\AppData\Local\Android\Sdk\platforms;C:\Users\11\AppData\Local\Microsoft\WindowsApps;C:\Users\11\AppData\Local\Programs\Microsoft VS Code\bin;C:\Users\11\AppData\Roaming\npm;C:\Users\11\AppData\Local\Android\Sdk\platform-tools;C:\Users\11\AppData\Local\Android\Sdk\emulator;C:\Users\11\AppData\Local\Android\Sdk\platforms;C:\Users\11\AppData\Local\Android\Sdk\build-tools;C:\Users\11\AppData\Local\Android\Sdk\build-tools;C:\Users\11\AppData\Local\Android\Sdk;
USERNAME=Mohammad
LANG=en_US.UTF-8
OS=Windows_NT
PROCESSOR_IDENTIFIER=Intel64 Family 6 Model 140 Stepping 1, GenuineIntel
TMP=C:\Users\11\AppData\Local\Temp
TEMP=C:\Users\11\AppData\Local\Temp



Periodic native trim disabled


---------------  S Y S T E M  ---------------

OS:
 Windows 11 , 64 bit Build 26100 (10.0.26100.6725)
OS uptime: 0 days 1:36 hours
Hyper-V role detected

CPU: total 4 (initial active 4) (2 cores per cpu, 2 threads per core) family 6 model 140 stepping 1 microcode 0xac, cx8, cmov, fxsr, ht, mmx, 3dnowpref, sse, sse2, sse3, ssse3, sse4.1, sse4.2, popcnt, lzcnt, tsc, tscinvbit, avx, avx2, aes, erms, clmul, bmi1, bmi2, adx, avx512f, avx512dq, avx512cd, avx512bw, avx512vl, sha, fma, vzeroupper, avx512_vpopcntdq, avx512_vpclmulqdq, avx512_vaes, avx512_vnni, clflush, clflushopt, clwb, avx512_vbmi2, avx512_vbmi, hv
Processor Information for processor 0
  Max Mhz: 2995, Current Mhz: 998, Mhz Limit: 2995
Processor Information for processor 1
  Max Mhz: 2995, Current Mhz: 998, Mhz Limit: 2995
Processor Information for processor 2
  Max Mhz: 2995, Current Mhz: 2995, Mhz Limit: 2995
Processor Information for processor 3
  Max Mhz: 2995, Current Mhz: 998, Mhz Limit: 2995

Memory: 4k page, system-wide physical 7932M (446M free)
TotalPageFile size 16124M (AvailPageFile size 132M)
current process WorkingSet (physical memory assigned to process): 475M, peak: 805M
current process commit charge ("private bytes"): 899M, peak: 899M

vm_info: OpenJDK 64-Bit Server VM (17.0.16+8-LTS) for windows-amd64 JRE (17.0.16+8-LTS), built on Jul 10 2025 00:24:24 by "MicrosoftCorporation" with unknown MS VC++:1944

END.
